63184,242088,4,-1
63186,33115,4,-1
46601,50014,4,-1
87150,12545,4,-1
134599,4498,3,-1
81849,142084,4,-1
121285,39356,2,-1
17282,666,4,-1
23963,805,3,-1
31597,209293,4,-1
99131,29785,3,-1
31592,33389,4,-1
79536,25350,5,-1
29267,179179,4,-1
133272,34714,3,-1
113661,19398,4,-1
87157,330711,3,-1
113660,2574,4,-1
10655,18203,4,-1
113647,162145,4,-1
42235,25690,3,-1
68882,47459,3,-1
47928,16550,4,-1
67559,33095,4,-1
22642,17346,3,-1
126958,53864,4,-1
2315,178946,3,-1
35941,205321,3,-1
126954,152938,4,-1
54245,526,4,-1
58609,27449,4,-1
104704,58882,4,-1
63191,13188,5,-1
68880,126777,3,-1
133281,67967,4,-1
137647,61475,3,-1
22614,84340,4,-1
87174,91217,3,-1
93854,31668,3,-1
136314,31297,3,-1
18596,117478,3,-1
102980,17240,3,-1
17265,15258,5,-1
79550,128437,4,-1
54253,49835,4,-1
79555,15560,4,-1
60931,13636,4,-1
55588,28592,3,-1
133295,20540,3,-1
93848,25773,5,-1
93846,27450,3,-1
100312,29743,2,-1
100312,53543,3,-1
10630,152601,4,-1
102978,the+lumi%C3%A8re+brothers%27+first+films+1996,4,-1
23957,ghosts+of+cit%C3%A9+soleil+2006,4,-1
43544,464,4,-1
67574,30966,4,-1
66248,1039,4,-1
23951,22460,3,-1
54262,10179,3,-1
60935,2012,3,-1
108293,32694,3,-1
59955,127585,4,-1
59955,11676,4,-1
60943,87911,3,-1
125602,51863,4,-1
10648,51423,4,-1
54268,251,4,-1
78219,78182,4,-1
101655,140781,5,-1
72916,73408,4,-1
125609,43075,4,-1
11975,17431,4,-1
134556,483,3,-1
23922,218329,4,-1
38185,39312,3,-1
93872,265208,3,-1
42203,1933,3,-1
133222,36072,4,-1
92544,68780,3,-1
128710,221667,4,-1
80558,343693,4,-1
29227,14834,4,-1
81889,29454,4,-1
6708,60076,3,-1
103409,48153,3,-1
26195,116569,3,-1
128708,33684,4,-1
81892,4780,2,-1
10618,47369,3,-1
59963,282297,4,-1
32880,15497,5,-1
54278,232018,3,-1
30229,113655,4,-1
128703,26466,4,-1
80560,42538,4,-1
58638,11484,4,-1
3679,84086,5,-1
57309,949,2,-1
92531,60438,3,-1
17257,256731,2,-1
40491,103516,4,-1
135895,238222,4,-1
22607,462,4,-1
17254,14024,4,-1
116710,19738,4,-1
81878,42668,4,-1
84905,25471,5,-1
54281,11897,3,-1
1028,127817,4,-1
29231,38714,4,-1
80557,24868,3,-1
80557,19419,3,-1
111031,60773,4,-1
91233,44921,4,-1
134574,53198,4,-1
124332,27793,3,-1
58651,103663,5,-1
44845,118204,4,-1
84939,131880,3,-1
84938,140,3,-1
44846,9902,4,-1
84943,1640,4,-1
58656,103972,4,-1
60976,19968,4,-1
78267,146381,3,-1
126987,13457,4,-1
58653,19361,3,-1
3696,44154,2,-1
96919,109410,5,-1
66270,71730,3,-1
31538,87065,4,-1
112351,26190,3,-1
91228,50562,4,-1
19888,1552,3,-1
134589,43250,3,-1
72967,17204,4,-1
92554,43439,4,-1
20884,9902,1,-1
44832,63460,4,-1
19897,142507,3,-1
96910,89501,4,-1
44838,48967,3,-1
29219,149893,4,-1
40478,f%2Fx+1986,4,-1
137619,74306,3,-1
93880,288413,4,-1
84928,116569,4,-1
80575,42658,3,-1
26184,36223,4,-1
78256,45778,4,-1
83603,30624,2,-1
11937,37768,4,-1
126974,159095,4,-1
112341,231472,4,-1
104723,37517,4,-1
5404,1666,4,-1
100368,45806,4,-1
134590,83738,3,-1
17239,119288,3,-1
20058,1944,3,-1
49714,97365,4,-1
46689,20945,4,-1
6750,the+magic+of+m%C3%A9li%C3%A8s+1997,5,-1
63102,132363,4,-1
45355,9322,3,-1
44024,220620,4,-1
73388,88922,4,-1
2397,60011,5,-1
114104,14160,4,-1
72055,81332,3,-1
59085,29269,3,-1
49718,45035,4,-1
12438,8393,4,-1
53780,79406,4,-1
127416,52359,4,-1
1057,267355,5,-1
5412,40719,4,-1
46683,13617,4,-1
84047,19215,4,-1
6746,17908,4,-1
136388,349,3,-1
77758,167161,4,-1
20050,emma+1996,5,-1
77759,186929,4,-1
60074,81038,4,-1
12436,137,3,-1
102118,256,3,-1
60071,2503,5,-1
45348,25698,4,-1
6762,42121,4,-1
46674,12163,4,-1
68805,26369,3,-1
123053,139997,3,-1
73397,64639,3,-1
124383,19354,4,-1
115429,111667,5,-1
97341,60631,4,-1
51131,221,4,-1
51131,129062,3,-1
37729,5070,4,-1
52464,60120,3,-1
20062,31821,3,-1
21393,71943,4,-1
135066,73452,3,-1
5425,18538,4,-1
86696,52679,4,-1
6759,43867,4,-1
102128,405280,4,-1
12448,50544,2,-1
111070,65034,4,-1
5429,25898,4,-1
20038,72545,3,-1
47997,%C5%BEi%C5%BEek%21+2005,4,-1
25728,51358,4,-1
65785,57258,3,-1
65784,81309,3,-1
102101,41822,4,-1
128732,44494,4,-1
65788,25126,2,-1
124373,72445,3,-1
19042,25143,4,-1
115417,23615,4,-1
1083,15962,5,-1
45339,9691,4,-1
68818,296136,4,-1
51143,29193,4,-1
84067,72432,3,-1
104755,39953,4,-1
21360,65048,4,-1
13742,11532,3,-1
135079,126754,5,-1
111062,21073,5,-1
135075,94841,4,-1
42295,27858,3,-1
104771,20263,4,-1
124365,142051,4,-1
72087,23220,4,-1
125693,57977,3,-1
97361,182,3,-1
116738,46813,3,-1
37707,16371,3,-1
52482,36540,4,-1
33344,48376,3,-1
55512,24584,3,-1
125689,74767,3,-1
125686,18948,2,-1
125687,52998,2,-1
128713,79906,3,-1
32018,16771,3,-1
64472,44434,3,-1
47978,11902,3,-1
137669,155796,4,-1
5461,90560,4,-1
47973,31345,4,-1
42285,51365,4,-1
21341,17388,4,-1
81805,38810,4,-1
96064,31147,4,-1
126130,42837,4,-1
45319,45221,3,-1
77793,11594,4,-1
76465,37900,4,-1
56850,1863,4,-1
6788,17993,4,-1
6789,173185,2,-1
89771,86751,5,-1
135018,42500,3,-1
42277,la+vie+de+boh%C3%A8me+1992,4,-1
68840,700,3,-1
20022,3111,4,-1
25719,128,4,-1
114137,38774,4,-1
75134,54794,4,-1
119827,46221,4,-1
75130,11836,4,-1
25713,81678,4,-1
35985,809,4,-1
35984,36003,4,-1
127447,47931,4,-1
127447,91186,3,-1
114146,9352,5,-1
89768,41044,4,-1
4150,32567,4,-1
46625,170632,3,-1
19007,22279,2,-1
8510,122804,4,-1
75148,213417,4,-1
30281,9028,4,-1
114129,1623,4,-1
99111,28426,3,-1
59902,22288,3,-1
212,37296,3,-1
35974,11534,4,-1
127436,204213,3,-1
216,26233,4,-1
96080,28030,3,-1
114135,31048,4,-1
8504,51594,5,-1
93808,139848,4,-1
5493,1572,5,-1
63174,12172,5,-1
103480,174682,3,-1
123070,81538,3,-1
21333,12179,2,-1
107842,65889,3,-1
111089,2062,3,-1
99109,61629,4,-1
67539,187993,4,-1
81816,13794,3,-1
5491,36751,4,-1
75152,4266,3,-1
115451,38951,3,-1
33302,31023,4,-1
56881,33792,4,-1
88459,209204,3,-1
135044,33431,3,-1
29290,13576,4,-1
135045,89417,3,-1
55559,26331,4,-1
107833,2440,4,-1
34639,143534,3,-1
84096,52444,3,-1
79509,5155,3,-1
59914,106016,4,-1
111093,206377,2,-1
8530,213110,4,-1
73308,50562,3,-1
99937,160874,3,-1
11060,757,3,-1
9865,254200,5,-1
98601,9705,4,-1
131400,14279,4,-1
48346,46891,3,-1
62652,92990,4,-1
35034,12312,2,-1
23045,216156,3,-1
61323,126781,5,-1
62655,32686,4,-1
70271,11956,3,-1
41707,27003,3,-1
27400,52608,4,-1
50673,19223,5,-1
37697,la+jet%C3%A9e+1962,3,-1
75975,51079,4,-1
107769,29565,3,-1
69286,61647,2,-1
16758,60966,4,-1
74648,60387,4,-1
7210,88192,5,-1
102099,42170,3,-1
70284,4916,4,-1
95561,corto+maltese%3A+la+maison+dor%C3%A9e+de+samarkand+2004,3,-1
27415,16121,3,-1
59011,172226,3,-1
35022,365371,4,-1
86613,1621,5,-1
59018,84303,4,-1
35025,99279,4,-1
36355,88318,3,-1
107778,19594,4,-1
75966,199615,2,-1
53711,32921,4,-1
105117,8051,4,-1
138054,214139,3,-1
94269,26387,4,-1
12373,12613,5,-1
106422,56474,4,-1
25686,14239,4,-1
132758,27581,4,-1
23028,37570,4,-1
127362,295490,3,-1
128691,161277,4,-1
1910,149507,4,-1
255,2169,4,-1
25682,27331,3,-1
126029,23924,3,-1
11045,33104,4,-1
82284,308361,3,-1
37675,65,4,-1
82285,12456,3,-1
16736,69225,3,-1
106418,36079,4,-1
8565,86023,3,-1
37662,20311,4,-1
36332,5879,4,-1
130108,85916,4,-1
98611,107355,3,-1
28725,6949,4,-1
87969,12793,3,-1
115373,36331,4,-1
59037,272691,4,-1
120715,77621,4,-1
60021,101288,3,-1
15412,157350,5,-1
45286,65156,3,-1
52401,28627,3,-1
45285,10435,4,-1
1924,127916,3,-1
98649,26430,4,-1
110500,22660,3,-1
97315,573,3,-1
8578,19316,4,-1
7247,59835,5,-1
105157,26296,3,-1
65725,42561,3,-1
59046,247437,3,-1
24337,128042,4,-1
23005,75826,4,-1
26999,18841,4,-1
59049,46492,3,-1
53740,32395,4,-1
45273,223632,3,-1
77712,209282,4,-1
138004,85642,3,-1
16710,13441,3,-1
38986,91727,2,-1
11024,111667,4,-1
11024,10649,4,-1
85330,159988,3,-1
16715,13652,4,-1
1934,12219,5,-1
36328,105149,3,-1
99969,64204,4,-1
49625,111172,4,-1
64405,48419,4,-1
65738,30335,3,-1
59054,3632,4,-1
117136,157384,4,-1
117138,50467,3,-1
36312,194126,3,-1
11036,10975,3,-1
37646,10673,3,-1
1947,8935,4,-1
129102,301566,4,-1
38960,13929,3,-1
107796,23996,5,-1
73362,261037,3,-1
26978,160162,3,-1
117123,123431,3,-1
53763,11654,4,-1
38965,22,4,-1
105128,228973,4,-1
36305,81442,4,-1
138020,29592,4,-1
109502,10218,3,-1
109504,9405,2,-1
21297,17108,4,-1
118439,124613,3,-1
99985,34101,4,-1
127395,111667,4,-1
24328,8221,4,-1
24328,41756,4,-1
73370,85542,3,-1
53778,49453,5,-1
86676,59238,5,-1
38953,42206,4,-1
106469,289390,4,-1
86674,89883,5,-1
85343,67232,4,-1
51119,1583,4,-1
37625,259610,4,-1
20852,19658,3,-1
110545,160139,5,-1
96824,975,5,-1
72857,195522,3,-1
51914,35156,4,-1
91132,429,5,-1
39473,38674,4,-1
39478,14439,4,-1
83507,198184,3,-1
7281,15121,4,-1
7283,141643,3,-1
102916,64850,4,-1
59885,63395,3,-1
60873,46351,5,-1
1970,61934,4,-1
26156,54659,3,-1
32849,26769,4,-1
32845,60824,3,-1
80481,13074,5,-1
47094,48748,4,-1
19876,47553,2,-1
71535,2493,4,-1
111862,24078,5,-1
70200,13668,4,-1
40452,57622,3,-1
70201,9515,3,-1
40457,27505,2,-1
57231,11236,3,-1
44811,46387,4,-1
20865,s%C3%A4llskapsresan+ii+-+snowroller+1985,3,-1
122512,6609,3,-1
1986,121234,5,-1
99084,118617,5,-1
102927,76203,4,-1
117170,16136,3,-1
1989,873,4,-1
15482,16905,5,-1
38121,38770,4,-1
14154,64528,3,-1
105179,2463,3,-1
58571,15801,4,-1
35097,75710,5,-1
83529,159153,3,-1
133208,106848,4,-1
110528,99657,3,-1
28793,25142,3,-1
118495,51885,3,-1
47079,11616,5,-1
32826,31409,4,-1
51945,26877,4,-1
117160,32080,3,-1
66194,13055,3,-1
69220,801,4,-1
50614,4377,3,-1
9014,941,4,-1
133215,39279,4,-1
9015,65034,4,-1
15498,20075,4,-1
95500,187458,3,-1
38112,5203,2,-1
72883,4790,3,-1
20848,nausica%C3%A4+of+the+valley+of+the+wind+1984,3,-1
110518,54001,4,-1
41764,46260,3,-1
63934,42216,4,-1
92472,11462,5,-1
134549,53209,3,-1
83517,13703,5,-1
105184,11578,3,-1
92473,23273,3,-1
58581,74860,4,-1
105182,32615,4,-1
117158,79906,4,-1
120793,59143,4,-1
27474,11031,4,-1
123828,249,3,-1
47066,13776,4,-1
69232,4639,3,-1
19855,117406,4,-1
110588,114246,2,-1
95532,43885,3,-1
15464,119907,3,-1
70234,11399,3,-1
72892,126090,4,-1
20813,54186,3,-1
40428,83186,4,-1
114944,11854,4,-1
35071,64335,3,-1
82226,17804,4,-1
138082,193065,3,-1
26110,17803,4,-1
57267,16452,3,-1
102953,11363,2,-1
3712,je+pr%C3%A9f%C3%A8re+qu%27on+reste+amis+2005,4,-1
75936,57698,2,-1
126927,44159,4,-1
15472,4986,3,-1
92498,212,4,-1
50638,5236,4,-1
36394,211024,3,-1
130120,18305,2,-1
14144,219343,3,-1
71577,41890,4,-1
110572,29717,2,-1
47047,43973,5,-1
74600,260030,4,-1
108279,39197,3,-1
20826,34588,4,-1
28788,61475,3,-1
57271,191726,3,-1
91161,7341,3,-1
84877,173455,4,-1
87900,47607,3,-1
84873,99259,4,-1
102961,29106,4,-1
50641,91745,3,-1
101631,124834,3,-1
14146,9514,3,-1
110580,89280,3,-1
18503,20642,4,-1
138097,21153,4,-1
130133,60076,4,-1
36382,153,3,-1
135824,905,3,-1
131461,160085,4,-1
9046,299049,3,-1
114929,5488,2,-1
96886,p%C3%A9p%C3%A9+le+moko+1937,4,-1
110561,38205,3,-1
11086,8074,3,-1
47037,57816,3,-1
96883,137093,3,-1
96883,159900,4,-1
114921,77875,3,-1
61304,48490,3,-1
39413,100656,5,-1
121218,37646,3,-1
99907,26397,4,-1
75958,62630,4,-1
102934,28196,3,-1
14118,38396,3,-1
99903,11688,4,-1
74624,rage+2009,4,-1
57296,544,4,-1
35044,77553,4,-1
83568,32306,4,-1
122533,254191,3,-1
101616,86295,3,-1
117199,19123,5,-1
83564,4348,4,-1
84897,121822,4,-1
36377,8960,4,-1
110560,21513,4,-1
39407,275619,4,-1
48350,995,4,-1
122539,56178,2,-1
112204,554,4,-1
133144,9691,3,-1
137500,14324,3,-1
101550,142051,5,-1
65005,53650,4,-1
9061,6007,3,-1
22754,29972,4,-1
113539,11446,4,-1
21425,15772,4,-1
33411,25670,4,-1
30389,32868,4,-1
34741,231576,4,-1
122485,412109,3,-1
13809,41785,4,-1
34740,14538,3,-1
33410,4480,5,-1
55688,84198,4,-1
2421,34835,4,-1
58719,293771,4,-1
54359,10714,3,-1
102874,1702,2,-1
53029,43314,3,-1
3756,148536,4,-1
92618,24122,3,-1
87274,42796,2,-1
134481,290,4,-1
46711,625,5,-1
92610,159008,4,-1
134488,11322,4,-1
9074,201703,4,-1
34734,119278,3,-1
53038,129974,3,-1
80631,187,4,-1
100222,48127,4,-1
92604,51362,5,-1
88597,116979,4,-1
67671,110643,2,-1
30379,22998,5,-1
93973,15759,4,-1
87295,20813,4,-1
108167,27597,4,-1
22739,14677,4,-1
43679,19974,4,-1
81995,16277,3,-1
58734,1410,4,-1
9080,57859,4,-1
53046,10741,3,-1
2443,31225,5,-1
78348,198317,4,-1
30362,27088,4,-1
101523,85,4,-1
42333,10714,3,-1
114839,78237,5,-1
65035,50601,3,-1
93966,266856,4,-1
108177,29376,4,-1
44990,2056,4,-1
136205,31411,3,-1
41001,40663,3,-1
44999,1618,3,-1
122459,105024,4,-1
31683,11359,4,-1
54389,les+mod%C3%A8les+de+%27pickpocket%27+2004,3,-1
53058,45608,3,-1
78337,40480,4,-1
102862,276635,3,-1
126819,617,3,-1
34715,24825,4,-1
10765,43451,5,-1
65030,43369,4,-1
30359,25196,3,-1
65044,241,4,-1
18697,27985,2,-1
69400,159153,3,-1
90003,895,5,-1
133101,62,3,-1
135764,288035,2,-1
133103,64527,4,-1
124230,89280,4,-1
1140,57256,3,-1
93991,32144,4,-1
54394,69162,3,-1
53063,115023,3,-1
100254,46146,3,-1
3799,68259,4,-1
31677,113916,2,-1
65042,3110,5,-1
65057,17835,5,-1
16048,4348,4,-1
113567,8978,3,-1
71731,11606,3,-1
1154,100526,2,-1
2485,75770,3,-1
121194,157690,5,-1
117920,51366,3,-1
125550,151870,3,-1
117922,940,3,-1
44977,127756,4,-1
10745,62410,3,-1
58769,77334,4,-1
80677,39522,3,-1
10748,14642,3,-1
30330,160085,3,-1
104624,11948,4,-1
129901,107682,4,-1
91316,48038,4,-1
66384,75780,3,-1
31669,2168,4,-1
31668,50203,3,-1
134457,159988,5,-1
18675,28550,3,-1
71746,35217,4,-1
90024,44916,5,-1
92689,131836,4,-1
135784,124636,4,-1
6851,luc%C3%ADa_+luc%C3%ADa+2003,3,-1
114885,58287,3,-1
83729,46558,3,-1
90020,141058,4,-1
125538,31225,4,-1
78387,16523,3,-1
32982,77,4,-1
124203,936,3,-1
29324,36751,4,-1
10717,11471,4,-1
114894,24128,4,-1
105922,69778,2,-1
112231,131880,4,-1
134462,43618,4,-1
16017,w%CE%B4z+2007,3,-1
65060,123277,4,-1
101566,74343,4,-1
135793,la+c%C3%A9r%C3%A9monie+1995,4,-1
113560,298040,4,-1
89035,45671,3,-1
95707,253988,4,-1
50812,128270,4,-1
66393,15926,4,-1
112216,199556,4,-1
68102,64131,4,-1
113545,31701,3,-1
68106,125858,3,-1
68105,39968,3,-1
44958,74604,4,-1
114876,22049,3,-1
62800,13370,3,-1
43624,les+mis%C3%A9rables+2012,3,-1
53093,20423,4,-1
10725,39930,5,-1
78379,63290,4,-1
2498,13098,3,-1
50820,11590,3,-1
65071,22033,4,-1
32977,103236,4,-1
32978,94326,4,-1
89025,29628,3,-1
32975,supercl%C3%A1sico+2011,5,-1
25869,200727,4,-1
20175,81828,3,-1
129964,12228,3,-1
116647,50338,4,-1
127300,294,3,-1
25865,46737,3,-1
72174,29082,4,-1
49838,5996,4,-1
68909,278813,3,-1
116652,9833,5,-1
77875,53267,4,-1
36520,49929,4,-1
85496,91262,5,-1
76548,94123,3,-1
11222,13076,4,-1
137594,35262,2,-1
28907,12232,4,-1
45468,205601,5,-1
46798,27646,2,-1
6881,51780,4,-1
5550,127540,2,-1
112278,76329,4,-1
6884,72445,3,-1
65896,219043,3,-1
19194,11796,3,-1
33481,25934,4,-1
98797,99006,3,-1
23213,37223,4,-1
52582,11752,3,-1
136276,96393,3,-1
45460,108716,4,-1
55614,66091,4,-1
20182,62128,4,-1
77869,93528,4,-1
13894,7839,3,-1
128618,25293,3,-1
45458,40427,3,-1
6891,11111,4,-1
130970,75350,4,-1
116623,43389,3,-1
64579,1879,4,-1
33472,59733,4,-1
77892,29259,4,-1
56954,129854,3,-1
117960,26693,4,-1
55627,120990,4,-1
87215,37978,5,-1
112274,116690,5,-1
136283,277726,3,-1
37835,138394,4,-1
100291,199687,4,-1
24529,7501,4,-1
4242,138907,4,-1
46774,98205,4,-1
113588,120637,5,-1
46775,15374,4,-1
124244,13194,3,-1
117947,199782,4,-1
125570,206487,3,-1
44118,166085,3,-1
32137,158895,3,-1
97481,34576,4,-1
33466,108869,3,-1
51275,43031,3,-1
32134,226448,4,-1
112264,3593,4,-1
6897,282268,3,-1
103315,29146,3,-1
6899,4043,3,-1
90847,235199,3,-1
137548,3576,3,-1
90882,132887,3,-1
106402,253988,5,-1
99217,125458,3,-1
137544,59013,5,-1
137547,38541,2,-1
19140,433,4,-1
96188,14624,5,-1
81927,26580,4,-1
75243,24003,4,-1
130913,33693,4,-1
13849,209091,3,-1
37816,11019,5,-1
51285,239563,3,-1
28098,1541,5,-1
116693,268735,4,-1
32122,11782,4,-1
55644,62755,2,-1
114034,9282,3,-1
127336,20637,2,-1
102038,10236,3,-1
93908,39871,3,-1
107729,3482,4,-1
41071,9454,4,-1
9950,187022,4,-1
45426,26530,3,-1
46755,109539,4,-1
102055,5722,4,-1
136227,8469,3,-1
106410,213110,4,-1
41067,26623,4,-1
90874,36786,4,-1
46751,1364,4,-1
114018,169209,3,-1
127330,1906,4,-1
99200,21039,4,-1
32116,56321,5,-1
81921,27521,3,-1
79604,9344,4,-1
106409,21115,3,-1
63285,298533,4,-1
68970,13042,5,-1
9965,11330,3,-1
114005,223519,3,-1
32104,14451,3,-1
56993,2080,3,-1
78307,39968,3,-1
104679,34184,2,-1
88588,33391,4,-1
53006,28313,4,-1
54338,48854,3,-1
42382,9561,3,-1
93927,67381,4,-1
21456,36498,2,-1
45404,89092,3,-1
41041,132725,3,-1
41048,75469,3,-1
128642,747,4,-1
137577,1633,3,-1
46731,31947,2,-1
42375,38226,4,-1
19131,20283,5,-1
116659,3537,3,-1
25810,630,4,-1
55671,54148,3,-1
34752,90228,4,-1
55675,32562,3,-1
136253,51736,3,-1
136256,80680,4,-1
68980,18446,3,-1
102029,234,4,-1
58707,67913,4,-1
108980,44048,4,-1
128598,44260,4,-1
47135,1382,4,-1
98724,210911,3,-1
41833,77246,4,-1
119639,8743,3,-1
35153,10971,3,-1
127266,12708,4,-1
62777,22741,4,-1
4290,117412,4,-1
7318,113012,4,-1
49792,2297,4,-1
82380,18535,3,-1
73419,22871,4,-1
11,44503,4,-1
8660,97252,3,-1
36472,15389,4,-1
11195,2110,3,-1
93029,104396,3,-1
48456,259808,4,-1
8665,228202,3,-1
28866,23676,3,-1
26203,11031,4,-1
108990,3062,4,-1
35146,14048,3,-1
82379,1591,3,-1
39502,49184,4,-1
128579,174366,4,-1
11198,l%C3%A9on+morin_+priest+1961,5,-1
19916,129974,4,-1
81044,191402,4,-1
68089,66660,3,-1
14229,195862,4,-1
121943,28503,2,-1
108989,19562,3,-1
98745,85547,4,-1
98744,30252,2,-1
16850,90829,3,-1
28,159138,4,-1
132638,125582,4,-1
127244,84012,3,-1
65827,66150,5,-1
121931,14590,3,-1
84109,229839,4,-1
41805,191489,4,-1
28830,53229,4,-1
23142,9636,3,-1
77810,61629,4,-1
52514,20529,4,-1
120607,27117,4,-1
53842,%C3%A5sa-nisse+-+welcome+to+knohult+2011,3,-1
49770,343,4,-1
31,25633,3,-1
98737,86985,5,-1
94377,22074,3,-1
72127,17761,3,-1
16861,31515,4,-1
65831,122190,3,-1
98736,1421,2,-1
133971,8281,4,-1
103281,50006,3,-1
41802,72313,4,-1
94373,22274,2,-1
85427,26333,3,-1
23151,52780,3,-1
27510,12450,3,-1
85424,227306,4,-1
15534,63197,3,-1
37789,146578,3,-1
61482,37564,4,-1
48426,12405,5,-1
6033,86664,3,-1
48,57406,4,-1
8697,22140,5,-1
64511,35837,4,-1
32085,17808,4,-1
117019,121879,4,-1
32086,320,4,-1
133906,34152,4,-1
97434,25009,2,-1
391,283302,3,-1
111717,15152,4,-1
106360,11198,4,-1
107690,36492,4,-1
7360,54233,4,-1
32080,61523,3,-1
121997,11986,4,-1
117024,83015,3,-1
109402,378477,4,-1
130885,8982,3,-1
105047,96821,3,-1
109401,348138,4,-1
25798,93164,5,-1
98754,14273,4,-1
25797,125707,4,-1
65859,293461,3,-1
73472,84329,4,-1
32071,70648,4,-1
59172,344,3,-1
35101,66969,3,-1
45382,44260,5,-1
136198,16867,4,-1
51213,29710,4,-1
51216,43499,4,-1
12485,82311,3,-1
37765,91958,4,-1
15516,47190,3,-1
7384,103894,3,-1
64530,258893,3,-1
20077,18887,2,-1
12451,10951,3,-1
6059,55309,4,-1
64532,59484,4,-1
64535,2085,3,-1
133927,o+contador+de+hist%C3%B3rias+2009,4,-1
73485,11044,4,-1
118328,27866,3,-1
59184,2759,4,-1
93099,28268,4,-1
96121,197082,4,-1
84149,20529,4,-1
51225,50474,4,-1
11124,66538,4,-1
107669,58733,3,-1
37754,155399,2,-1
121976,25296,4,-1
7395,42464,3,-1
7395,42296,3,-1
28806,102461,3,-1
105021,78133,2,-1
63210,53048,4,-1
105026,4191,4,-1
98779,12761,5,-1
59195,29493,3,-1
127276,38842,5,-1
23116,12246,4,-1
120631,287422,5,-1
52561,410921,3,-1
121961,71373,3,-1
33389,10406,2,-1
52564,18088,2,-1
86798,886,4,-1
51234,302496,3,-1
77843,70881,5,-1
32055,168676,4,-1
12463,10834,5,-1
46692,1616,4,-1
20081,56167,5,-1
11136,35044,4,-1
77849,158262,4,-1
90803,97252,4,-1
12467,51875,4,-1
17322,76589,4,-1
132695,28270,4,-1
17324,20017,3,-1
130038,34866,4,-1
71643,129854,2,-1
14296,126277,4,-1
135720,10177,3,-1
43618,44716,4,-1
31631,44255,4,-1
83630,49503,4,-1
82302,46875,3,-1
66291,85502,4,-1
30303,12545,3,-1
18657,%C5%BEelary+2003,5,-1
50716,29989,3,-1
19995,28273,5,-1
9117,18671,4,-1
19991,283726,5,-1
108111,29237,5,-1
50719,63831,4,-1
16002,1378,5,-1
69338,21386,5,-1
29316,49152,4,-1
6083,61370,4,-1
102804,54358,5,-1
3805,3082,3,-1
26287,78998,4,-1
56023,43899,4,-1
9108,79406,4,-1
17336,1075,5,-1
18668,80368,4,-1
17338,123772,4,-1
106387,172003,5,-1
71666,108648,4,-1
129024,52633,4,-1
130054,6461,3,-1
131384,288284,4,-1
105059,31404,4,-1
70334,1922,5,-1
72991,13368,3,-1
27588,34530,4,-1
110406,130593,3,-1
106383,17495,4,-1
82319,317168,4,-1
6095,29004,4,-1
44923,21589,4,-1
27582,74402,3,-1
123710,174348,4,-1
120688,52639,4,-1
118378,11516,5,-1
47195,25048,3,-1
130062,37044,4,-1
50733,11005,4,-1
18635,54165,3,-1
131391,e%3Dmc%C2%B2+2002,4,-1
14283,10989,3,-1
9136,11658,3,-1
111721,85689,3,-1
70348,podw%C3%B3rka+2009,3,-1
134427,1632,3,-1
135757,23508,4,-1
38232,63206,4,-1
71676,zat%C3%B4ichi+goes+to+the+fire+festival+1970,4,-1
68029,30890,5,-1
105069,66043,4,-1
40557,224076,3,-1
9131,53342,2,-1
47181,96398,3,-1
83645,129129,4,-1
56045,33996,3,-1
17315,4464,4,-1
119690,31979,4,-1
31603,42332,3,-1
69369,123366,3,-1
111797,30966,3,-1
70359,8056,5,-1
38224,8214,4,-1
129081,41213,3,-1
26235,91745,3,-1
70352,154226,3,-1
56055,148857,3,-1
129083,39466,3,-1
20934,13363,3,-1
27567,50023,4,-1
132657,46069,4,-1
20930,25867,3,-1
41878,43389,3,-1
83678,311998,3,-1
28892,19665,5,-1
14256,1262,4,-1
47175,5780,5,-1
126807,18896,5,-1
70369,86835,2,-1
14263,91052,3,-1
111782,47648,3,-1
109489,110748,4,-1
91284,17388,3,-1
26241,26451,5,-1
2513,48118,3,-1
81004,159008,4,-1
123762,31013,3,-1
47166,191024,4,-1
50762,4202,4,-1
19958,26142,3,-1
48493,96721,3,-1
18625,139212,2,-1
135701,27899,4,-1
130012,101342,3,-1
108129,14346,3,-1
105098,174958,4,-1
111775,250668,4,-1
70376,38469,3,-1
16895,292498,3,-1
39530,63287,5,-1
48489,22796,4,-1
15562,45512,4,-1
27546,10616,3,-1
28876,12428,4,-1
26215,33095,4,-1
105095,174787,3,-1
129063,475,3,-1
20906,139863,3,-1
53800,63358,3,-1
19922,18919,3,-1
130022,25763,3,-1
93004,123778,4,-1
135714,40048,3,-1
36496,41604,3,-1
39522,50456,4,-1
108136,54804,3,-1
131359,14521,3,-1
129052,96196,3,-1
110437,13068,5,-1
2536,51875,4,-1
56089,56906,3,-1
26223,107355,4,-1
60100,13042,3,-1
18606,131478,3,-1
102822,23512,4,-1
117072,129609,2,-1
130030,279444,4,-1
73408,251321,5,-1
135205,17264,3,-1
135206,127509,3,-1
65123,42148,3,-1
136539,19316,3,-1
87391,40440,3,-1
45510,31015,3,-1
25908,49671,4,-1
9182,3,3,-1
41159,41566,4,-1
20217,32628,3,-1
58833,204372,4,-1
54475,19109,3,-1
34865,109364,3,-1
33532,31659,3,-1
74070,19316,4,-1
124544,20684,4,-1
53146,41205,4,-1
104932,53218,4,-1
137873,86240,3,-1
86068,68259,5,-1
91408,9471,2,-1
6904,13815,3,-1
41142,15318,5,-1
135217,11316,5,-1
9199,31432,4,-1
116919,11378,4,-1
3890,17845,4,-1
100594,1246,3,-1
25910,98554,4,-1
46836,16061,2,-1
119194,65992,4,-1
100589,9008,3,-1
132196,98541,4,-1
42465,43208,5,-1
116907,35129,4,-1
86083,45115,4,-1
92767,41764,4,-1
65148,13996,4,-1
69502,10183,3,-1
79793,43811,3,-1
22854,194099,3,-1
53163,76636,3,-1
78468,42013,4,-1
89119,135313,4,-1
89117,34453,4,-1
3896,putin%E2%80%99s+kiss+2011,4,-1
86086,39214,3,-1
104912,17157,3,-1
34845,72185,4,-1
20203,85024,3,-1
42455,50441,3,-1
16184,267480,5,-1
46810,43895,4,-1
91424,120932,4,-1
43780,87945,4,-1
113861,p%C3%B6lynimurikauppiaat+,4,-1
21539,jean+renoir%3A+part+one+-+from+la+belle+%C3%A9poque+to+world+war+ii+1993,3,-1
99385,104744,4,-1
16181,426,2,-1
78452,143796,4,-1
5608,37598,3,-1
124513,46584,4,-1
30477,387,5,-1
80777,43876,3,-1
28167,10323,3,-1
89106,167935,4,-1
100564,309242,4,-1
86077,50182,3,-1
86075,136459,3,-1
119173,49367,3,-1
42442,280495,3,-1
134798,59354,4,-1
46800,32085,5,-1
17487,4932,4,-1
22836,143092,3,-1
91452,1542,4,-1
92789,41273,3,-1
1264,58428,3,-1
53180,27972,3,-1
69529,41240,4,-1
115634,762,4,-1
58870,94663,4,-1
123255,14859,4,-1
115642,122088,4,-1
128947,97035,4,-1
132141,14048,3,-1
17497,31345,4,-1
43762,25237,4,-1
133479,126132,4,-1
70524,120357,4,-1
92777,34456,4,-1
112598,7872,3,-1
123253,60243,5,-1
98077,37596,4,-1
29474,74286,4,-1
123248,55152,3,-1
31786,221,4,-1
31782,5143,3,-1
115630,161885,4,-1
2596,18984,4,-1
6952,27181,3,-1
90109,72172,3,-1
89125,120694,4,-1
5626,38267,4,-1
116949,89750,3,-1
91473,31056,4,-1
70536,67636,4,-1
90144,1879,5,-1
95836,13980,4,-1
90147,13470,5,-1
10829,212,5,-1
77170,33314,3,-1
90141,590,3,-1
123238,11297,5,-1
82523,117499,4,-1
82525,102488,3,-1
30443,18613,4,-1
1278,44383,4,-1
125895,54178,3,-1
10839,26,4,-1
103622,144728,4,-1
34802,4964,3,-1
10831,124058,3,-1
133491,18784,4,-1
74903,1422,3,-1
137857,302,3,-1
38396,83994,5,-1
43743,8321,4,-1
90137,romeo+%2B+juliet+1996,4,-1
115600,25741,4,-1
42413,12154,4,-1
128918,25587,4,-1
98094,21494,4,-1
125888,206821,4,-1
10845,2360,4,-1
77168,209799,4,-1
112583,10823,3,-1
68221,65572,2,-1
104966,339,4,-1
101030,59017,3,-1
64674,11471,4,-1
135289,1245,4,-1
4331,70627,4,-1
97597,17362,4,-1
32284,133411,5,-1
62017,17236,2,-1
23323,19963,3,-1
62019,273334,5,-1
97593,13771,3,-1
25986,24631,3,-1
118705,75375,5,-1
51360,118931,3,-1
55722,3170,3,-1
1299,26133,5,-1
77997,32099,4,-1
113009,164372,3,-1
5670,14923,3,-1
62021,948,4,-1
74008,61925,4,-1
63354,10018,5,-1
22000,135718,4,-1
24663,34787,5,-1
64688,84660,3,-1
115666,39891,5,-1
25996,139325,3,-1
32270,cz%C5%82owiek+z+m-3+1969,5,-1
114339,15776,4,-1
75330,104505,4,-1
97584,42241,3,-1
35305,13053,5,-1
127647,119905,4,-1
37961,11419,3,-1
87301,23518,5,-1
106722,15555,3,-1
55734,7191,4,-1
44251,16661,4,-1
89962,the+lion+king+1%C2%BD+2004,4,-1
15715,1554,5,-1
89990,44115,4,-1
63362,21991,4,-1
62032,29251,5,-1
48600,56745,4,-1
19288,73066,4,-1
114324,23269,4,-1
3021,31939,4,-1
49939,45324,3,-1
96286,122291,4,-1
96281,100747,3,-1
3014,27090,3,-1
8703,39440,3,-1
113001,147829,4,-1
37953,50819,4,-1
55749,11673,5,-1
20288,25536,3,-1
44237,66043,4,-1
5694,14758,3,-1
13991,three%E2%80%A6+extremes+2004,4,-1
44234,1654,5,-1
66406,27583,3,-1
123274,197,4,-1
3034,81512,4,-1
25974,14234,2,-1
96273,79306,4,-1
24646,23178,3,-1
87326,11257,4,-1
89988,89049,4,-1
87327,99879,4,-1
5687,9901,3,-1
79704,176545,4,-1
54427,251852,4,-1
5689,51808,4,-1
87323,51739,4,-1
37943,157380,4,-1
11337,229194,5,-1
49913,239678,3,-1
25948,49013,3,-1
46885,7342,2,-1
8730,13068,3,-1
21582,250769,4,-1
19261,58421,3,-1
55762,128158,3,-1
54431,87408,4,-1
37939,49717,5,-1
33574,22137,3,-1
80721,27716,4,-1
434,25248,3,-1
86029,52013,3,-1
87357,41940,4,-1
36600,133919,4,-1
13965,34803,3,-1
41187,20128,4,-1
101082,26317,4,-1
45545,white+light%2Fblack+rain%3A+the+destruction+of+hiroshima+and+nagasaki+2007,4,-1
105441,8436,3,-1
63394,198306,4,-1
104114,33811,5,-1
105442,83540,4,-1
99324,14086,4,-1
25952,46971,4,-1
74046,12182,4,-1
117408,98289,4,-1
44218,1772,4,-1
3051,11612,4,-1
44219,41380,4,-1
33566,24137,5,-1
55776,38543,4,-1
135263,19223,4,-1
86014,142132,4,-1
136591,20640,3,-1
13975,149149,4,-1
44204,73624,3,-1
25929,31675,4,-1
113039,55955,4,-1
114369,42152,3,-1
74057,1771,4,-1
20238,84169,4,-1
20237,2787,4,-1
74052,63206,4,-1
58811,28023,3,-1
13948,50275,4,-1
54452,3469,4,-1
28199,5928,4,-1
32223,10389,3,-1
78422,10720,4,-1
127679,21143,3,-1
126347,13275,3,-1
135274,278334,3,-1
54458,37626,3,-1
67777,28257,4,-1
105421,68198,4,-1
8764,4520,4,-1
66445,513,5,-1
80726,95956,4,-1
98015,256628,4,-1
19252,2994,4,-1
54463,4175,3,-1
54463,48496,3,-1
125006,2574,4,-1
80733,35555,3,-1
78412,238006,4,-1
54465,36328,3,-1
55796,210041,4,-1
58825,76829,5,-1
58828,1774,5,-1
106683,42296,3,-1
109711,21136,4,-1
8770,13060,4,-1
8771,64423,4,-1
106681,27865,4,-1
98844,34420,4,-1
132974,47359,3,-1
73544,8619,3,-1
7446,166773,3,-1
117337,56653,4,-1
116009,3051,3,-1
97510,72710,3,-1
106680,23483,3,-1
93153,308453,4,-1
472,30901,5,-1
120982,15122,3,-1
138283,160324,4,-1
479,20993,4,-1
85531,44322,4,-1
8768,38554,4,-1
77914,43110,4,-1
36591,103740,4,-1
14342,2204,5,-1
131654,42589,3,-1
72221,14166,2,-1
28987,59388,3,-1
65932,18242,3,-1
118659,31821,4,-1
28988,80767,4,-1
41946,1645,4,-1
35260,22176,4,-1
41944,die+frau+des+fris%C3%B6rs+2008,3,-1
138294,126376,5,-1
41938,70498,3,-1
486,89271,4,-1
117334,38256,3,-1
39623,25460,3,-1
7448,43441,4,-1
13019,59239,4,-1
82492,82781,4,-1
105331,1611,3,-1
27629,160758,4,-1
15641,90465,3,-1
49898,158884,4,-1
131663,57103,3,-1
126279,37534,2,-1
117317,11206,4,-1
64618,173294,4,-1
496,42633,4,-1
53962,75491,3,-1
84224,44890,5,-1
86887,39993,3,-1
35255,casanova+2005,3,-1
51304,6715,3,-1
49890,120,4,-1
105329,62775,4,-1
114292,9317,4,-1
15646,44768,4,-1
106672,19698,3,-1
130346,84281,5,-1
14321,91795,4,-1
105343,4483,3,-1
64620,59239,3,-1
65954,14655,3,-1
35240,75626,3,-1
120952,30142,5,-1
85549,31146,4,-1
119976,52440,3,-1
23275,38282,3,-1
119974,26900,4,-1
60265,8353,3,-1
81184,45615,4,-1
14324,nigdy+w+%C5%BCyciu%21+2004,4,-1
47221,205587,3,-1
36575,70845,3,-1
11297,136080,4,-1
51315,118624,4,-1
81181,33688,3,-1
44190,253312,4,-1
96229,18692,3,-1
108426,71041,4,-1
132935,599,3,-1
63302,97088,4,-1
28930,34615,4,-1
72252,43878,4,-1
132939,35956,4,-1
98880,46594,3,-1
131607,19600,3,-1
24578,27936,4,-1
63309,263855,3,-1
131605,56142,2,-1
88603,22741,3,-1
12598,29403,5,-1
122725,17139,4,-1
51327,51371,4,-1
122727,23924,4,-1
90915,181454,3,-1
96219,31977,3,-1
97549,77936,2,-1
65970,116340,4,-1
129358,89199,3,-1
97542,47792,4,-1
23256,84188,4,-1
64646,300940,4,-1
93181,65403,3,-1
110737,58062,5,-1
131616,marina+abramovi%C4%87%3A+the+artist+is+present+2012,4,-1
117376,75318,4,-1
117375,59468,4,-1
117375,19120,4,-1
35223,106833,4,-1
32198,125025,3,-1
36555,174326,2,-1
15631,70846,4,-1
109758,62403,3,-1
116040,31147,4,-1
28919,37925,4,-1
28917,th%C3%A9r%C3%A8se%3A+the+story+of+saint+th%C3%A9r%C3%A8se+of+lisieux+2004,4,-1
44165,48365,3,-1
105379,22794,3,-1
72278,115553,3,-1
11241,37165,5,-1
75303,2593,5,-1
24552,11699,4,-1
72274,228150,4,-1
72272,103243,3,-1
32180,847,4,-1
97573,935,5,-1
138260,209293,4,-1
117363,38834,3,-1
15608,225235,4,-1
88627,12684,4,-1
35213,31303,2,-1
37874,35806,4,-1
128009,11194,4,-1
60294,133382,3,-1
109727,43708,3,-1
35219,18175,4,-1
98899,15265,4,-1
109741,8836,3,-1
130300,120995,4,-1
72283,45485,3,-1
105381,30765,2,-1
132969,77957,2,-1
15618,40882,2,-1
76632,37673,4,-1
36534,107,3,-1
12585,49542,3,-1
138275,40149,3,-1
85580,8841,3,-1
15613,11591,2,-1
89054,83451,3,-1
9222,62204,4,-1
130395,121873,3,-1
71761,28614,4,-1
17441,84772,4,-1
77071,43562,4,-1
128071,2899,3,-1
113816,2022,4,-1
91371,i+manegen+med+glenn+killing%3A+live+fr%C3%A5n+berns+1995,4,-1
10813,130241,3,-1
30422,54487,4,-1
57465,63193,4,-1
121438,113362,3,-1
18777,22910,3,-1
68110,113369,3,-1
30426,26467,3,-1
71758,75174,3,-1
121439,73931,4,-1
120109,84298,3,-1
49030,12632,4,-1
31756,43329,3,-1
17453,31532,5,-1
71775,14914,4,-1
107147,70955,3,-1
28107,28293,3,-1
77061,38022,4,-1
92690,9700,4,-1
28109,88067,5,-1
122756,197033,4,-1
122750,21385,3,-1
101839,54890,3,-1
28101,42678,4,-1
65091,49565,4,-1
30419,91817,3,-1
68120,55655,3,-1
74815,127853,4,-1
91399,43798,3,-1
68136,8902,3,-1
94423,28504,3,-1
107111,34303,4,-1
132111,45664,2,-1
109778,321130,3,-1
50849,11968,3,-1
39693,107978,3,-1
74812,58043,3,-1
109772,27526,3,-1
132117,118139,3,-1
109774,110398,4,-1
13064,156317,3,-1
43718,43757,4,-1
25049,49452,4,-1
91392,234200,5,-1
43713,61420,3,-1
25044,121015,4,-1
119107,91325,3,-1
81113,73134,1,-1
49014,8434,3,-1
121418,56122,2,-1
134787,73884,4,-1
68147,42371,4,-1
90057,18529,4,-1
9255,161710,4,-1
17434,13587,4,-1
129378,198663,3,-1
38353,132,3,-1
132126,42815,3,-1
40671,20811,4,-1
40679,23638,3,-1
104093,39306,3,-1
26384,120497,3,-1
2612,99738,3,-1
25055,4944,3,-1
56166,6081,4,-1
83762,221917,3,-1
56169,5691,4,-1
134790,31998,4,-1
31725,258358,4,-1
134792,29106,4,-1
134792,17006,4,-1
38359,37181,4,-1
133461,80957,3,-1
68144,52744,4,-1
68143,190352,3,-1
95739,13247,4,-1
26380,36861,3,-1
14371,3001,4,-1
113857,963,1,-1
89097,742,4,-1
61521,13681,4,-1
90081,41445,3,-1
95773,1%C2%BD+knights+-+in+search+of+the+ravishing+princess+herzelinde+2008,5,-1
25029,1126,5,-1
62856,73576,3,-1
134715,28907,3,-1
62858,21588,5,-1
86826,48132,3,-1
25020,24060,3,-1
125833,52587,4,-1
2623,244049,4,-1
27686,481,4,-1
82461,13913,5,-1
31716,26298,3,-1
37019,51230,4,-1
31713,65289,4,-1
119162,47628,4,-1
3956,45035,4,-1
73517,115214,3,-1
130363,37637,4,-1
90079,19482,4,-1
113841,43839,1,-1
73510,523,4,-1
62862,119193,3,-1
130369,211052,4,-1
70483,191293,3,-1
134727,11174,3,-1
90074,8923,3,-1
81127,12172,4,-1
83785,37608,3,-1
2632,13771,4,-1
122796,140222,4,-1
31706,68440,4,-1
17415,12184,5,-1
113832,18093,4,-1
38321,43002,4,-1
95797,708,3,-1
107159,11599,3,-1
39654,6081,4,-1
2650,85242,4,-1
56195,769,4,-1
128091,43778,4,-1
128092,10347,5,-1
120130,20553,5,-1
61545,168538,3,-1
40647,17921,4,-1
70491,43132,5,-1
122782,81626,4,-1
14357,18660,3,-1
14358,14390,4,-1
47275,32684,4,-1
38327,92285,4,-1
100511,44546,3,-1
68175,196940,3,-1
107168,54973,3,-1
133413,41999,5,-1
94455,11367,5,-1
68189,28030,4,-1
130384,250700,3,-1
74866,59239,4,-1
110792,319078,3,-1
3992,53407,4,-1
47268,att+stj%C3%A4la+en+tjuv+1996,3,-1
72200,45019,4,-1
128080,269518,4,-1
128081,43604,3,-1
133419,114524,5,-1
40629,11013,2,-1
65909,68894,4,-1
2656,188161,3,-1
86831,1803,4,-1
82478,69313,4,-1
60222,51735,3,-1
82471,43739,4,-1
101850,54979,3,-1
81142,156015,3,-1
130391,191104,4,-1
45633,1786,3,-1
136415,2444,4,-1
65243,9080,4,-1
107099,33203,4,-1
133387,114438,2,-1
98169,20874,4,-1
83906,25536,4,-1
120074,255496,3,-1
123100,98364,3,-1
2669,221791,4,-1
33655,44734,4,-1
98160,24092,3,-1
78562,151232,5,-1
58956,29376,4,-1
12713,77022,3,-1
58955,146599,4,-1
124421,994,4,-1
78568,18783,4,-1
80884,15930,3,-1
89218,64414,4,-1
89217,67699,3,-1
21675,2972,4,-1
70602,43195,3,-1
18028,267,5,-1
69615,128158,3,-1
92854,55823,3,-1
120062,42262,3,-1
125751,114155,3,-1
57630,6538,4,-1
79889,68726,4,-1
121387,superman%2Fbatman%3A+public+enemies+2009,4,-1
135108,59990,4,-1
83928,49529,3,-1
98187,76127,3,-1
78580,20,3,-1
120047,22016,4,-1
57644,50724,4,-1
125733,91334,4,-1
124402,246882,3,-1
124400,93676,4,-1
101761,776,4,-1
90219,228326,4,-1
119063,14433,3,-1
100436,22016,3,-1
65262,230779,4,-1
113746,141043,4,-1
22988,72872,4,-1
90211,31002,2,-1
135113,220504,2,-1
98179,16372,4,-1
45607,26038,4,-1
112419,79156,3,-1
53291,21876,4,-1
21657,77234,4,-1
119059,83683,4,-1
30595,42863,4,-1
83920,320,4,-1
120039,18904,4,-1
58985,12225,4,-1
30594,6949,5,-1
120035,35203,3,-1
101776,19554,3,-1
80890,56764,5,-1
65271,43832,4,-1
19338,%C2%A1que+viva+m%C3%A9xico%21+1979,4,-1
89221,73554,3,-1
133347,60422,3,-1
41230,88276,3,-1
91572,19222,4,-1
22959,252171,4,-1
68315,26129,3,-1
104860,320849,3,-1
124474,2588,4,-1
115517,4932,4,-1
82618,31131,2,-1
4409,14576,3,-1
77278,9677,5,-1
49191,58878,4,-1
104852,146203,3,-1
128825,84847,3,-1
4405,45000,4,-1
115509,19059,4,-1
65299,20453,4,-1
70640,37368,4,-1
71973,13123,5,-1
91568,117467,3,-1
91565,54557,4,-1
4421,6166,5,-1
82608,49571,3,-1
124463,60573,5,-1
137718,19703,3,-1
55010,14591,3,-1
43888,936,3,-1
10987,24565,5,-1
77269,15714,4,-1
56343,43949,4,-1
95919,156277,3,-1
65292,40740,4,-1
65295,11044,3,-1
5749,3482,3,-1
34933,45156,4,-1
70655,p%C3%B6lynimurikauppiaat+,4,-1
22934,34012,4,-1
112468,18558,4,-1
69663,84333,3,-1
5760,14030,4,-1
112467,253251,3,-1
5762,350,5,-1
41211,emita%C3%AF+1971,4,-1
116823,1546,4,-1
83969,84178,3,-1
83976,42479,3,-1
81316,72447,3,-1
83974,41397,4,-1
29565,9940,3,-1
100474,4723,4,-1
133373,44159,4,-1
49177,76268,4,-1
95948,20778,4,-1
132041,26761,4,-1
104835,10097,4,-1
22943,43429,2,-1
132047,244049,2,-1
17597,15438,4,-1
111127,827,4,-1
112456,42131,4,-1
137731,127866,3,-1
4441,6443,4,-1
22949,11657,4,-1
68347,64690,3,-1
71990,4984,3,-1
43866,678,3,-1
41209,51735,5,-1
124434,84329,5,-1
31880,42225,4,-1
49163,47116,4,-1
94609,84084,4,-1
48743,45572,4,-1
43056,8443,4,-1
48742,124075,3,-1
120908,84214,3,-1
47411,41939,4,-1
5785,9081,3,-1
31072,1619,3,-1
127544,20714,4,-1
64798,86267,4,-1
126212,113458,5,-1
114225,119324,4,-1
24775,237808,4,-1
95058,39538,4,-1
67829,5146,3,-1
71084,215134,3,-1
24779,8738,4,-1
22117,140823,4,-1
35437,9919,5,-1
31079,267481,4,-1
127538,21991,4,-1
119920,21345,4,-1
79810,69559,3,-1
115564,99579,3,-1
114233,24650,3,-1
115565,752,5,-1
103566,8016,3,-1
120905,32916,3,-1
8820,49802,3,-1
62144,85160,3,-1
99404,43618,4,-1
102254,48155,3,-1
67836,47850,5,-1
115545,37087,3,-1
63479,43949,3,-1
132900,2460,4,-1
31062,201646,4,-1
123170,5896,3,-1
3126,118802,4,-1
127525,41443,4,-1
102246,13919,4,-1
4456,31405,4,-1
11476,76642,4,-1
54524,46138,4,-1
36755,24458,3,-1
48726,63484,4,-1
48724,206390,4,-1
62153,56415,4,-1
4473,110838,3,-1
74137,59441,4,-1
62157,209361,4,-1
32382,159000,4,-1
66517,285463,4,-1
124494,90908,4,-1
98104,30707,4,-1
115536,78998,3,-1
132916,86685,4,-1
123162,1843,4,-1
79831,31378,4,-1
55864,27094,4,-1
54538,37342,4,-1
138225,20465,3,-1
8825,21734,4,-1
87454,96574,5,-1
78507,105789,4,-1
12772,112678,4,-1
86122,13223,4,-1
87450,51533,4,-1
43028,79073,3,-1
104895,115232,3,-1
102233,144613,4,-1
102232,98064,4,-1
22102,198182,4,-1
43029,91150,4,-1
24768,26513,5,-1
50180,88423,4,-1
53210,16665,4,-1
58901,138977,4,-1
124478,106049,4,-1
114200,829,5,-1
4477,37036,3,-1
12782,11314,4,-1
87443,11752,4,-1
36732,10868,4,-1
138231,1847,4,-1
87441,238006,4,-1
35408,32058,2,-1
44348,13948,3,-1
102286,214091,3,-1
43012,50420,4,-1
102287,3085,5,-1
19381,38721,3,-1
33692,10166,4,-1
99458,22905,4,-1
48705,1843,4,-1
53221,50754,4,-1
117301,439,4,-1
54556,53296,3,-1
117302,140632,4,-1
92814,77338,5,-1
105309,15515,3,-1
105307,8881,3,-1
114270,288581,4,-1
43004,31679,3,-1
67873,73473,3,-1
106654,59414,4,-1
6203,5506,4,-1
105322,42801,4,-1
66544,37691,3,-1
118615,103528,4,-1
19395,149793,3,-1
65219,72821,4,-1
118613,2817,3,-1
44339,127451,4,-1
75494,mon+oncle+d%27am%C3%A9rique+1980,5,-1
24746,14667,4,-1
80826,145247,4,-1
127569,14287,4,-1
86138,70955,3,-1
569,22602,2,-1
86137,120862,4,-1
55899,98096,3,-1
10102,8390,4,-1
58924,84176,4,-1
136472,71688,3,-1
105318,38368,4,-1
18038,42297,2,-1
66557,10620,4,-1
41298,63943,4,-1
118604,8996,5,-1
65228,11176,3,-1
98149,60859,3,-1
74177,44524,3,-1
24713,51863,4,-1
127560,10319,2,-1
118607,58435,4,-1
80859,64484,4,-1
571,93649,4,-1
78542,108017,4,-1
36709,28434,4,-1
33674,58470,4,-1
3179,64690,3,-1
78546,13752,3,-1
91505,25334,5,-1
58939,28293,3,-1
12730,5801,4,-1
41292,249397,4,-1
6208,27317,4,-1
67880,131631,2,-1
33679,3033,5,-1
86164,40056,3,-1
67895,27712,5,-1
18049,308638,4,-1
102275,8681,3,-1
65238,44363,2,-1
99466,110903,5,-1
99462,43442,4,-1
34997,58467,3,-1
107957,53505,4,-1
77208,16608,3,-1
120916,17198,4,-1
78539,179144,4,-1
31009,93856,3,-1
106628,55475,3,-1
107958,16665,4,-1
73669,216,4,-1
105236,aftermath+2012,4,-1
15783,40227,3,-1
73666,84209,5,-1
39753,3031,3,-1
97635,50467,4,-1
117217,52677,4,-1
117216,49914,3,-1
26433,10765,4,-1
98963,78568,2,-1
26438,45022,3,-1
74990,8390,4,-1
93275,43837,4,-1
597,146322,3,-1
85652,92171,4,-1
13123,96255,4,-1
15786,52726,3,-1
86981,250833,4,-1
13124,49519,4,-1
15785,21028,4,-1
52737,47156,5,-1
127492,15570,4,-1
52739,63611,4,-1
7574,61198,4,-1
71016,47825,4,-1
38410,550,5,-1
73676,298533,3,-1
26445,56156,3,-1
27777,40574,5,-1
130207,27582,3,-1
132867,130233,3,-1
59370,76,4,-1
64728,38880,5,-1
114186,822,5,-1
81287,cycling+with+moli%C3%A8re+2013,4,-1
86976,12664,3,-1
105239,18615,3,-1
39749,56264,3,-1
105211,82106,4,-1
131542,47792,3,-1
39730,56590,4,-1
98983,68663,4,-1
131549,31918,4,-1
64733,10568,4,-1
93294,53864,3,-1
98985,10112,4,-1
98981,15375,3,-1
64738,265169,3,-1
119862,25584,4,-1
22051,11137,3,-1
138180,31283,4,-1
119866,29345,4,-1
22052,36244,4,-1
51421,152780,5,-1
76720,3061,4,-1
26410,18428,3,-1
60375,21013,3,-1
105206,25495,4,-1
76723,157845,3,-1
13101,76025,3,-1
138187,760,4,-1
47350,73881,4,-1
51426,10544,4,-1
105209,1826,3,-1
131552,58,4,-1
106551,28476,3,-1
6269,97252,3,-1
98977,30346,4,-1
130226,110830,3,-1
35362,81716,4,-1
73694,25248,3,-1
93287,125154,4,-1
27759,a+m%C3%AD+las+mujeres+ni+fu+ni+fa+1971,4,-1
126143,6404,3,-1
118520,32720,4,-1
126139,73116,3,-1
84334,44154,4,-1
50101,42430,3,-1
118522,mar%C3%ADa+candelaria+1944,3,-1
18803,43004,4,-1
86995,19760,3,-1
18804,442,3,-1
76712,19448,4,-1
51436,29313,4,-1
18805,34045,4,-1
86993,4476,3,-1
107877,26910,4,-1
120839,6951,2,-1
138198,121738,4,-1
85660,24922,4,-1
52769,275619,4,-1
48669,45048,1,-1
48667,42700,4,-1
64752,257716,3,-1
72375,53864,3,-1
27721,121210,3,-1
35350,212994,3,-1
24697,13074,4,-1
58073,45556,3,-1
27727,229559,4,-1
123933,935,5,-1
123931,17641,3,-1
52774,11035,4,-1
85696,36233,3,-1
85694,36703,4,-1
50116,15659,3,-1
50118,209799,3,-1
135095,7008,5,-1
11389,39103,3,-1
109628,32390,5,-1
129231,123452,3,-1
111942,36244,4,-1
15751,19403,4,-1
10062,31509,4,-1
109642,288430,4,-1
10063,51791,3,-1
10063,28123,4,-1
71058,20107,4,-1
35341,7347,4,-1
96333,16703,4,-1
62105,1387,3,-1
64767,56191,3,-1
110616,face%2Foff+1997,2,-1
26406,48524,4,-1
51450,157825,4,-1
120897,63618,3,-1
85686,34584,3,-1
76735,15393,4,-1
50127,236735,4,-1
50129,6038,4,-1
15757,40947,4,-1
109611,122089,5,-1
126194,10575,4,-1
9320,42567,2,-1
58093,58496,3,-1
95038,326359,4,-1
11362,15283,4,-1
72399,18030,5,-1
37993,31146,3,-1
63445,55785,3,-1
75422,10728,3,-1
110602,84364,4,-1
71061,57573,3,-1
58096,61302,3,-1
117242,42711,4,-1
34006,180016,3,-1
15727,131997,4,-1
76762,2349,4,-1
49970,55086,4,-1
83056,22707,4,-1
51468,132344,4,-1
36668,23574,5,-1
138142,646,3,-1
111920,77765,3,-1
63450,221791,4,-1
64781,113,4,-1
126180,86600,3,-1
67810,28049,4,-1
74106,2091,3,-1
74104,49813,3,-1
48631,43172,2,-1
27712,54354,2,-1
105260,84289,3,-1
24688,80435,4,-1
96351,19067,3,-1
15738,94326,3,-1
118567,27585,4,-1
76753,70695,3,-1
119897,42113,2,-1
37983,26880,4,-1
90165,201759,4,-1
110665,115306,3,-1
18891,293028,5,-1
94526,234567,5,-1
8018,94513,4,-1
17561,61564,4,-1
111992,94663,5,-1
9347,10384,3,-1
77190,27768,5,-1
61601,12664,3,-1
37171,45649,3,-1
123977,55785,4,-1
25182,153118,5,-1
122646,20453,5,-1
119008,1937,3,-1
30549,281908,2,-1
30548,77771,5,-1
49155,34006,4,-1
49152,20803,3,-1
134644,3640,4,-1
107024,282009,3,-1
16240,38407,3,-1
107023,2981,3,-1
95840,38455,3,-1
111982,11481,4,-1
71893,185567,4,-1
133312,25560,4,-1
29558,18193,4,-1
134648,42801,3,-1
129274,14569,3,-1
30530,33555,3,-1
30538,86182,3,-1
22919,70160,5,-1
31865,10239,4,-1
117292,10631,4,-1
90187,192,4,-1
111976,16241,5,-1
89198,33150,3,-1
70577,115549,5,-1
110642,110992,3,-1
129266,114438,3,-1
70579,33273,4,-1
129269,176297,4,-1
110647,163068,4,-1
59305,69266,3,-1
117288,4494,4,-1
29522,56448,4,-1
122620,267,3,-1
50970,60665,4,-1
49136,13650,4,-1
16215,werner+-+gekotzt+wird+sp%C3%A4ter%21+2003,4,-1
134660,708,3,-1
2729,92663,4,-1
68254,30068,3,-1
2727,10333,3,-1
30522,188392,4,-1
30525,64108,4,-1
26490,64968,3,-1
89187,24487,4,-1
30509,86608,4,-1
129257,348,3,-1
133331,13976,4,-1
18882,60270,3,-1
29535,5924,4,-1
82559,2594,3,-1
1401,24185,3,-1
60301,31094,3,-1
123949,38727,4,-1
49122,149087,4,-1
2739,19583,3,-1
46095,3082,3,-1
89188,the+girl+in+the+caf%C3%A9+2005,3,-1
117272,156937,4,-1
9387,284793,3,-1
37131,52229,4,-1
49118,32928,2,-1
130233,42121,3,-1
25147,193893,4,-1
59320,133790,4,-1
29505,28630,4,-1
9381,258750,3,-1
70594,108548,3,-1
112408,14806,3,-1
29508,163875,4,-1
56292,71506,4,-1
9383,40149,4,-1
86947,18671,5,-1
2745,308640,2,-1
85615,36247,4,-1
60313,57476,3,-1
1411,209350,4,-1
86943,132,4,-1
86944,29484,2,-1
56299,76750,5,-1
81251,40022,3,-1
100410,71786,4,-1
81253,53344,5,-1
31832,28955,3,-1
13173,85674,4,-1
73635,35156,4,-1
131571,2757,4,-1
49105,5176,4,-1
130245,35797,5,-1
37124,40243,3,-1
134609,95597,4,-1
130248,146233,4,-1
25159,105757,3,-1
9390,19968,4,-1
34092,20785,4,-1
25150,1816,3,-1
120013,11388,4,-1
85600,191120,3,-1
46077,18889,5,-1
68282,60531,4,-1
125709,38944,3,-1
49101,39509,3,-1
125707,20213,2,-1
1429,1523,4,-1
119030,59238,3,-1
17536,30246,2,-1
18868,117773,4,-1
107035,20329,2,-1
110686,47108,4,-1
135945,49047,4,-1
97617,823,3,-1
38441,30707,4,-1
130257,2013,4,-1
98942,17831,4,-1
134619,101791,2,-1
61663,19955,4,-1
58010,36709,4,-1
34087,16170,4,-1
61668,214083,4,-1
135949,31052,3,-1
93251,82622,3,-1
94582,47870,5,-1
1434,51092,4,-1
59345,47889,5,-1
85635,24746,2,-1
39777,34796,3,-1
84300,968,4,-1
13146,293092,3,-1
46062,46081,3,-1
1439,33258,2,-1
134623,16514,4,-1
110675,124642,4,-1
130262,49047,4,-1
73658,51391,4,-1
113700,187156,3,-1
135955,22614,3,-1
97601,57353,4,-1
131599,22452,3,-1
98933,43002,4,-1
61675,11400,3,-1
129291,20714,4,-1
74981,5618,3,-1
119009,80125,4,-1
94573,14653,3,-1
94571,134132,3,-1
101738,8065,3,-1
100408,174366,4,-1
2773,54794,3,-1
81267,9958,4,-1
39769,9623,4,-1
46050,8996,3,-1
24814,35250,3,-1
21786,16427,3,-1
69720,81167,5,-1
91650,21755,4,-1
92984,17704,3,-1
66697,tenta%C3%A7%C3%A3o+1997,3,-1
41398,54825,4,-1
64037,27430,5,-1
114501,200,3,-1
52051,3035,4,-1
115836,38021,2,-1
98287,89287,4,-1
53385,33998,5,-1
1456,510,5,-1
33772,123261,3,-1
122122,37329,3,-1
27080,198663,3,-1
88004,1600,3,-1
56416,253331,4,-1
136780,41272,4,-1
44414,58189,3,-1
136786,57447,4,-1
69733,20268,3,-1
103860,51358,4,-1
109163,5558,4,-1
68408,28227,5,-1
20469,alexandria%E2%80%A6+why%3F+1979,3,-1
21799,15255,3,-1
39062,17460,5,-1
123448,74581,4,-1
53397,18894,2,-1
2799,35124,3,-1
52063,31325,2,-1
5829,54494,2,-1
76013,47122,3,-1
78678,315882,4,-1
90305,29244,4,-1
91638,27740,4,-1
19445,66701,4,-1
45732,39387,3,-1
135469,38970,4,-1
70734,263614,4,-1
65386,1918,4,-1
90344,25905,5,-1
134135,84892,4,-1
41377,14942,3,-1
109131,234155,3,-1
103827,83817,3,-1
103826,270303,3,-1
55100,34377,3,-1
12813,171910,4,-1
103828,16791,4,-1
56431,13938,4,-1
70724,696,3,-1
118098,10383,3,-1
65383,212756,4,-1
33757,167935,4,-1
21776,1715,3,-1
112779,72387,4,-1
40030,43434,3,-1
92992,317247,2,-1
19457,108348,4,-1
24806,12497,4,-1
19451,250503,3,-1
90336,15624,4,-1
111441,9786,3,-1
41364,10757,4,-1
19450,100681,4,-1
56445,2321,4,-1
32413,37992,4,-1
12827,104329,4,-1
88018,191121,3,-1
103832,100341,4,-1
27072,37532,4,-1
103835,204,3,-1
118085,20565,3,-1
131046,69557,3,-1
69762,33441,2,-1
131043,3589,3,-1
90366,206034,3,-1
103891,831,2,-1
131049,49073,3,-1
5862,47882,4,-1
122174,24508,4,-1
109198,33721,3,-1
57782,45708,3,-1
127860,1715,4,-1
126528,2322,4,-1
27041,18904,2,-1
32400,50512,4,-1
57784,31345,4,-1
102554,6636,3,-1
101224,219781,4,-1
32405,118340,4,-1
102558,30548,4,-1
69760,34658,3,-1
41340,25297,4,-1
42675,55069,3,-1
69774,378,4,-1
90353,69557,5,-1
102572,43327,4,-1
40012,12163,4,-1
40011,84302,5,-1
45702,38255,3,-1
122161,742,4,-1
81401,26466,5,-1
126513,235271,3,-1
5863,11621,4,-1
102564,113369,3,-1
91679,1162,4,-1
69770,31676,3,-1
609,898,4,-1
110180,308,4,-1
42663,805,4,-1
89394,42611,4,-1
94740,125512,4,-1
40001,52616,3,-1
82759,7347,4,-1
115857,43970,5,-1
29682,103731,4,-1
55144,879,4,-1
81437,33511,4,-1
33714,51722,3,-1
67120,121789,3,-1
110171,258,3,-1
5879,71700,4,-1
131072,36281,4,-1
49294,28431,3,-1
42654,9974,4,-1
90378,78182,5,-1
111488,1576,3,-1
93403,108933,3,-1
114512,14365,5,-1
82747,269650,3,-1
42657,334,3,-1
3229,125344,3,-1
49281,i+manegen+med+glenn+killing%3A+live+fr%C3%A5n+berns+1995,4,-1
55154,9546,3,-1
122139,152259,3,-1
3226,37234,3,-1
3224,105737,3,-1
114520,60290,4,-1
623,96846,4,-1
101211,la+c%C3%A9r%C3%A9monie+1995,4,-1
111492,34667,3,-1
103878,613,5,-1
73806,18555,3,-1
89387,195,4,-1
106902,59191,4,-1
47538,88075,3,-1
62251,11329,5,-1
137226,202436,3,-1
67943,muxm%C3%A4uschenstill+2004,5,-1
46201,52627,2,-1
35551,36883,3,-1
131923,2460,4,-1
117615,201777,3,-1
23564,271504,3,-1
35559,74406,4,-1
79931,150004,3,-1
3236,196027,3,-1
50274,114324,4,-1
127898,13590,4,-1
22230,90406,5,-1
636,13493,4,-1
636,124075,5,-1
105622,11780,4,-1
105629,199615,5,-1
36889,zat%C3%B4ichi+in+desperation+1972,4,-1
106958,79690,4,-1
11589,61194,4,-1
63591,52059,4,-1
4580,41187,4,-1
101282,47880,3,-1
95169,18840,3,-1
67953,1387,3,-1
106972,47432,3,-1
36870,3001,3,-1
127896,70121,4,-1
127895,41857,2,-1
22243,2072,4,-1
130601,16197,4,-1
95168,27936,4,-1
75574,11417,4,-1
118938,17278,5,-1
74241,111037,3,-1
34216,10794,2,-1
3249,100042,2,-1
87548,86577,3,-1
50285,161602,3,-1
125225,85293,4,-1
7602,46813,3,-1
105636,248211,3,-1
34219,67463,5,-1
54649,43051,4,-1
118929,mr.+bjarnfre%C3%B0arson+2009,5,-1
67964,48747,5,-1
113237,158091,3,-1
62276,43750,2,-1
99558,1124,5,-1
105610,38399,3,-1
102585,25431,5,-1
131945,133021,3,-1
98224,285597,3,-1
80932,27509,4,-1
75584,209269,3,-1
80938,1997,4,-1
36869,114150,5,-1
35536,104528,4,-1
35534,185574,4,-1
126546,17790,4,-1
54654,12143,4,-1
127876,188765,2,-1
12894,35856,3,-1
113241,84355,2,-1
102579,87894,4,-1
86243,15272,4,-1
88890,75880,3,-1
27915,125458,3,-1
99547,196325,4,-1
67973,160266,3,-1
67979,125769,2,-1
114555,mon+oncle+d%27am%C3%A9rique+1980,5,-1
31162,29106,4,-1
75596,10958,4,-1
127871,5844,3,-1
98214,1368,4,-1
75595,12501,5,-1
114558,15255,3,-1
118917,288165,4,-1
75591,49935,3,-1
95180,18415,3,-1
126537,27930,4,-1
663,62437,4,-1
78613,31303,5,-1
54664,le+combat+dans+l%27%C3%AEle+1962,3,-1
126533,11970,4,-1
23550,17474,3,-1
10244,101929,4,-1
113230,26366,3,-1
87561,33431,4,-1
23526,1248,2,-1
91611,20107,3,-1
62297,22857,4,-1
66656,103663,5,-1
44465,183011,4,-1
45796,65787,2,-1
3288,240820,4,-1
74278,33031,4,-1
18173,30017,4,-1
48829,90523,1,-1
3281,1541,3,-1
35513,133411,4,-1
129635,211078,4,-1
78647,25447,3,-1
92936,333590,4,-1
134165,1774,3,-1
86267,263579,3,-1
57703,2979,5,-1
36846,81543,3,-1
92938,9662,4,-1
3290,158068,4,-1
104355,42538,4,-1
8985,17182,3,-1
128301,110354,4,-1
98237,29347,4,-1
116316,217590,4,-1
99563,24750,3,-1
36836,9999,4,-1
117650,532,4,-1
687,2457,4,-1
117652,85293,3,-1
78635,14421,4,-1
117654,72875,5,-1
137200,15120,3,-1
105679,114994,4,-1
129624,196738,4,-1
57719,62347,3,-1
8979,94638,4,-1
52028,4285,2,-1
134177,34280,5,-1
92928,3109,4,-1
129629,94568,3,-1
15912,92591,4,-1
92929,130745,3,-1
12886,4816,4,-1
101291,71905,5,-1
92960,43654,2,-1
65340,7860,3,-1
18159,76853,3,-1
66678,63848,4,-1
44442,43978,4,-1
5004,65203,3,-1
76001,66192,4,-1
77333,49687,4,-1
76003,75629,4,-1
89319,96196,3,-1
78667,41971,4,-1
134186,32627,4,-1
129614,30640,3,-1
89314,7861,5,-1
6328,135718,4,-1
57726,35780,3,-1
12852,43757,4,-1
65352,278334,4,-1
19499,3110,4,-1
105664,133558,3,-1
92951,14474,3,-1
66687,95503,3,-1
65357,3121,4,-1
31123,70160,4,-1
131919,44631,5,-1
125248,121379,4,-1
56400,14011,3,-1
113277,5753,4,-1
137221,26826,3,-1
6336,106196,2,-1
137224,62715,4,-1
10200,61178,1,-1
113274,9844,4,-1
113273,368955,3,-1
40070,21131,5,-1
57738,18603,4,-1
93399,33,5,-1
93398,1883,4,-1
128234,277846,3,-1
131886,68341,4,-1
109950,12921,4,-1
79092,49453,3,-1
47498,48199,3,-1
38542,255890,3,-1
128237,99698,3,-1
73785,150778,3,-1
97751,627,4,-1
92061,67772,4,-1
71122,19178,4,-1
40864,33196,4,-1
63503,38438,4,-1
25229,37233,3,-1
122927,52906,3,-1
47496,10873,4,-1
31914,12877,4,-1
51526,37291,4,-1
37218,3512,4,-1
129550,68064,2,-1
96417,252,5,-1
7697,39931,3,-1
104278,51358,5,-1
73798,46878,2,-1
107302,85525,4,-1
37201,95730,4,-1
14583,40881,2,-1
13252,62385,2,-1
64842,26864,4,-1
25234,4539,4,-1
34174,f%C3%BChrer+ex+2002,3,-1
63513,225564,5,-1
97742,23807,3,-1
40856,3556,4,-1
40855,15907,4,-1
116242,16378,4,-1
50200,8999,4,-1
39865,106006,4,-1
129548,5001,4,-1
14587,202141,4,-1
31903,22597,4,-1
75508,22937,2,-1
25209,40798,3,-1
5043,133411,4,-1
105571,1075,4,-1
75504,288151,3,-1
97777,98246,4,-1
39852,43949,4,-1
96447,69234,3,-1
64852,63611,2,-1
72474,68817,3,-1
134939,266537,4,-1
92087,106828,3,-1
134934,10491,5,-1
118892,79940,3,-1
110929,244838,4,-1
60496,9597,4,-1
129536,41415,4,-1
51547,5070,3,-1
15894,38765,3,-1
64860,20530,3,-1
71159,43267,4,-1
95104,59566,4,-1
5059,265297,4,-1
39840,20283,4,-1
133618,24756,5,-1
116218,41653,3,-1
72483,18989,4,-1
35483,47459,3,-1
71153,192143,2,-1
63536,328712,4,-1
125177,295698,4,-1
97763,39023,4,-1
72481,155605,3,-1
64868,12435,2,-1
92077,43539,4,-1
51553,21451,5,-1
14566,26371,4,-1
83123,27201,3,-1
48791,9101,3,-1
50228,52868,3,-1
38517,47156,4,-1
80096,137563,4,-1
108668,46335,2,-1
95136,131313,4,-1
108664,36797,3,-1
64875,48954,3,-1
131845,159014,5,-1
35472,m%C3%A9nilmontant+1926,4,-1
72494,131478,2,-1
119317,33431,4,-1
13208,324173,4,-1
51564,121975,3,-1
76863,198185,3,-1
84487,41120,4,-1
15862,94663,4,-1
120307,61892,3,-1
36790,64074,3,-1
14540,113458,4,-1
64882,63956,3,-1
26525,57529,3,-1
121623,46448,4,-1
88838,149206,4,-1
36797,14272,4,-1
43086,306197,3,-1
13217,9452,4,-1
138493,46741,4,-1
131860,12482,2,-1
63560,214069,3,-1
47437,103875,5,-1
63561,200236,3,-1
9445,53961,4,-1
62233,64288,3,-1
130537,39939,3,-1
31092,20287,3,-1
122940,zat%C3%B4ichi%27s+conspiracy+1973,3,-1
121612,68718,3,-1
24791,641,5,-1
119305,s%C4%93%C5%86ot%C4%81ji+2013,4,-1
31099,93743,5,-1
14512,65967,3,-1
76889,28249,4,-1
88863,52237,3,-1
14510,3576,4,-1
15840,42987,4,-1
15847,41966,4,-1
11489,17350,3,-1
54617,44269,4,-1
122946,36278,2,-1
27839,51072,4,-1
48756,19128,4,-1
129576,109970,2,-1
67930,18851,3,-1
108653,5718,4,-1
134905,71905,3,-1
27832,2760,3,-1
74223,605,4,-1
134906,21733,3,-1
63579,4887,4,-1
134907,253153,3,-1
27831,54505,2,-1
66607,4307,3,-1
31080,37360,3,-1
31089,42160,4,-1
55951,273271,4,-1
87525,1566,4,-1
35442,44162,4,-1
84496,111759,3,-1
11498,14554,3,-1
36775,92591,4,-1
117590,13510,4,-1
55959,13922,4,-1
122935,179538,4,-1
131002,23544,4,-1
95977,128248,3,-1
69686,85339,4,-1
17687,396,4,-1
43970,coup+de+gr%C3%A2ce+1976,3,-1
28339,117406,3,-1
90280,15961,4,-1
90282,129089,4,-1
42645,13058,3,-1
121675,178290,5,-1
119364,4932,4,-1
82663,18872,3,-1
118037,1651,4,-1
79019,66892,4,-1
119369,9905,3,-1
16357,50553,4,-1
67021,9812,4,-1
49274,lumi%C3%A8re+and+company+1995,4,-1
16367,66965,4,-1
93306,26170,3,-1
131016,98205,4,-1
15034,37447,4,-1
43968,2059,3,-1
42638,180048,4,-1
121670,61546,3,-1
55053,40990,4,-1
9471,4254,4,-1
49260,1843,4,-1
61727,11943,4,-1
83989,79362,3,-1
79004,73907,3,-1
83988,123777,5,-1
30652,133698,3,-1
2831,453,3,-1
118028,50073,3,-1
31980,185591,4,-1
29674,25055,4,-1
100741,21317,4,-1
67033,13679,3,-1
132355,8290,4,-1
9487,27507,4,-1
37272,72113,4,-1
95999,140071,4,-1
93332,28176,5,-1
16334,40028,2,-1
95994,34996,3,-1
73721,123678,3,-1
92008,54635,3,-1
67049,163250,2,-1
132357,94228,4,-1
70690,10620,5,-1
28317,65291,5,-1
95992,241620,4,-1
60407,4174,4,-1
119342,651,4,-1
25283,4885,3,-1
1510,47370,4,-1
81354,27181,3,-1
60410,93289,3,-1
80026,35806,3,-1
31979,966,4,-1
68375,56590,4,-1
120326,61302,2,-1
93323,305276,4,-1
110995,247691,3,-1
131039,201646,2,-1
132367,271724,4,-1
119329,95600,3,-1
61756,10773,4,-1
42613,37255,5,-1
136729,21208,4,-1
80016,230779,3,-1
31967,12,4,-1
17677,56590,5,-1
112766,12698,5,-1
52805,161710,3,-1
92024,15071,4,-1
17643,14949,5,-1
111432,116303,3,-1
38585,178452,4,-1
59440,4011,4,-1
94684,20874,4,-1
106085,145217,3,-1
42603,48573,3,-1
58118,270303,3,-1
2867,33194,4,-1
58117,2502,3,-1
123413,241855,4,-1
2865,267795,4,-1
26592,43430,5,-1
58119,11656,4,-1
26594,47703,2,-1
124743,1585,4,-1
2862,95093,3,-1
67062,253239,3,-1
38589,883,4,-1
31953,7735,3,-1
49231,40044,2,-1
31954,42815,4,-1
40890,343693,4,-1
134965,10686,4,-1
8187,11093,4,-1
52817,51360,3,-1
133635,25894,4,-1
49226,21042,4,-1
61773,9452,3,-1
43920,12593,3,-1
133636,38731,4,-1
61779,22911,4,-1
79044,42692,4,-1
2877,90125,5,-1
5905,10970,2,-1
5908,3291,4,-1
103819,11330,4,-1
80038,95448,4,-1
52820,240679,3,-1
123409,10998,4,-1
123406,28430,3,-1
100789,265579,4,-1
133644,9316,2,-1
49219,20778,4,-1
71106,2048,3,-1
112740,67062,4,-1
107394,14174,3,-1
64816,22048,4,-1
118057,31527,4,-1
121699,94209,2,-1
120363,221902,3,-1
121696,35336,3,-1
58138,27003,4,-1
43909,9953,4,-1
31934,217590,3,-1
67081,259442,3,-1
81390,43514,4,-1
67085,42328,4,-1
18956,139799,4,-1
17625,29353,3,-1
52839,25773,4,-1
94691,12615,4,-1
40876,215743,4,-1
106071,74035,4,-1
132328,133459,3,-1
84408,106646,3,-1
40879,169607,4,-1
5926,104250,5,-1
84412,248469,5,-1
118048,5899,2,-1
81389,74008,3,-1
52843,13589,4,-1
46177,43626,3,-1
60462,123398,3,-1
124719,197592,3,-1
100762,145075,3,-1
81385,30057,4,-1
100764,37133,3,-1
100766,630,4,-1
45874,250,3,-1
69840,37640,3,-1
39198,45987,4,-1
70832,9623,3,-1
135323,253849,2,-1
43211,67493,3,-1
69849,116800,4,-1
43217,7096,4,-1
4606,981,4,-1
76142,127602,4,-1
52176,54527,4,-1
82821,17539,2,-1
33893,24179,4,-1
124664,94478,4,-1
90437,9393,4,-1
111363,149206,4,-1
137991,37488,3,-1
112691,28363,3,-1
112690,31513,3,-1
31237,44826,3,-1
56539,80389,4,-1
4604,28512,2,-1
64151,10218,4,-1
85099,50091,4,-1
5936,10631,4,-1
31239,150523,3,-1
65494,24646,4,-1
91762,15192,5,-1
20586,117924,3,-1
39187,1374,3,-1
135335,8681,4,-1
97069,27094,3,-1
1591,74310,4,-1
77463,52318,3,-1
56546,326591,4,-1
97063,11798,5,-1
77467,56831,3,-1
120297,84701,4,-1
90426,278,4,-1
90425,18,5,-1
31227,37060,5,-1
5947,51022,5,-1
44522,276123,4,-1
69864,13762,4,-1
20554,180635,4,-1
18232,34479,3,-1
19564,85836,4,-1
97093,182499,4,-1
123316,14521,4,-1
27186,26355,3,-1
76164,119278,3,-1
31211,68850,4,-1
77498,1853,4,-1
76169,5910,4,-1
124641,1734,4,-1
4621,109258,4,-1
89477,42006,4,-1
27182,52047,3,-1
100677,11602,4,-1
103701,142051,4,-1
103704,86,3,-1
27181,38409,3,-1
39163,12530,4,-1
90452,54900,3,-1
135355,28030,4,-1
135357,37451,4,-1
109020,57811,4,-1
45848,22908,4,-1
55234,16328,4,-1
119299,44666,4,-1
125964,14900,4,-1
125961,39148,3,-1
134031,124853,3,-1
90449,238397,3,-1
11610,977,4,-1
103713,18671,4,-1
32538,41275,4,-1
135360,41946,4,-1
15186,97805,2,-1
132255,110903,3,-1
44502,83613,4,-1
73900,42801,3,-1
67221,257444,4,-1
137945,36807,4,-1
76183,115023,3,-1
126408,8915,3,-1
3318,32143,3,-1
126406,51452,5,-1
59604,76207,4,-1
114431,54191,5,-1
4645,69569,2,-1
28491,15584,4,-1
88168,29193,4,-1
18217,26354,4,-1
102438,24186,4,-1
40131,3149,3,-1
21875,104776,4,-1
39144,49691,3,-1
137955,14830,2,-1
5992,36769,3,-1
111387,36998,4,-1
67237,10831,4,-1
122041,30388,3,-1
114413,11344,4,-1
82846,38984,3,-1
15193,8371,4,-1
90470,82550,4,-1
122039,43801,4,-1
82853,6472,3,-1
59610,36093,3,-1
82850,36331,4,-1
94828,43492,3,-1
73908,20536,3,-1
4656,69056,3,-1
102447,36878,4,-1
102449,2929,4,-1
132278,6498,4,-1
41451,42984,4,-1
19521,782,3,-1
70896,218381,3,-1
15162,73953,3,-1
68574,54850,4,-1
93535,35867,4,-1
93535,483,3,-1
3343,13819,3,-1
59625,38221,4,-1
127717,52799,4,-1
82886,86732,2,-1
2006,167938,3,-1
45809,269714,5,-1
81554,10627,4,-1
93529,34560,3,-1
94858,119764,3,-1
59629,20,4,-1
102415,2211,3,-1
73935,43864,5,-1
21851,863,4,-1
72602,101231,4,-1
73931,18651,3,-1
15178,9918,4,-1
7710,2332,4,-1
33819,28067,4,-1
94855,144792,3,-1
40110,2925,3,-1
124684,228915,3,-1
80206,53119,5,-1
76192,239368,4,-1
109062,190000,3,-1
90492,9719,3,-1
82875,10451,4,-1
124676,40664,4,-1
82871,627,5,-1
127702,210024,4,-1
59631,121738,2,-1
115730,45130,3,-1
111373,15867,3,-1
110041,44494,4,-1
102426,58435,3,-1
67253,59897,4,-1
19538,98223,2,-1
132293,38151,4,-1
113138,30508,4,-1
43296,33194,5,-1
101155,68750,3,-1
3365,14421,4,-1
127786,10178,4,-1
23687,9829,3,-1
35678,77915,4,-1
3359,23281,4,-1
126446,132744,5,-1
105501,115656,3,-1
86343,21967,4,-1
134089,225499,3,-1
14736,10429,2,-1
26728,37720,4,-1
101163,61525,3,-1
6401,389,4,-1
46311,44028,4,-1
102496,39451,2,-1
73035,8981,4,-1
118814,288183,3,-1
26722,63702,3,-1
125111,national+lampoon%E2%80%99s+van+wilder+2002,3,-1
26724,177572,4,-1
35666,4380,4,-1
35665,8697,3,-1
85005,11232,5,-1
61057,67701,5,-1
14742,60859,3,-1
13412,135647,3,-1
102487,279828,3,-1
21030,66894,2,-1
13410,51260,4,-1
78715,23995,4,-1
78719,97995,4,-1
103793,57241,3,-1
102461,17030,4,-1
138458,99648,3,-1
65426,33809,3,-1
74377,152603,3,-1
98347,49594,4,-1
74374,38805,3,-1
73042,55368,4,-1
3383,238972,4,-1
24997,186279,2,-1
3382,69014,5,-1
126428,139651,3,-1
35653,253266,3,-1
31298,306963,4,-1
127755,79090,4,-1
34321,38842,3,-1
53442,51947,4,-1
777,3092,4,-1
137134,6277,4,-1
57809,82688,3,-1
101126,10242,3,-1
85030,102382,3,-1
57803,35066,3,-1
61063,21115,4,-1
91705,30157,4,-1
11689,32093,3,-1
22349,74681,3,-1
66761,89455,3,-1
26706,12477,4,-1
113108,10235,3,-1
6420,21240,4,-1
105500,44445,4,-1
44596,191293,4,-1
65434,99283,4,-1
31280,28123,3,-1
115765,31442,4,-1
115768,15018,3,-1
99663,80310,2,-1
126419,marketa+lazarov%C3%A1+1967,4,-1
127749,117978,2,-1
115771,36288,4,-1
87689,42711,3,-1
122059,53234,4,-1
31287,11232,5,-1
23670,14914,3,-1
106822,24554,3,-1
11695,145217,3,-1
10366,31952,4,-1
43257,44662,2,-1
86382,1870,5,-1
129520,12150,4,-1
101196,75298,3,-1
48941,151870,4,-1
31272,24624,3,-1
99699,1736,4,-1
110902,20283,3,-1
69807,20718,4,-1
11669,20_000+leagues+under+the+sea+1997,4,-1
57821,123277,3,-1
57822,255756,4,-1
76104,127560,2,-1
798,40769,5,-1
78767,67493,4,-1
6424,248933,4,-1
106876,10363,4,-1
57825,94393,4,-1
57827,169881,4,-1
43245,263937,3,-1
129510,128946,5,-1
125156,59298,4,-1
31261,15859,4,-1
117527,46159,4,-1
73076,14295,4,-1
2082,10217,4,-1
32599,45174,2,-1
31263,996,5,-1
14708,18651,4,-1
52144,13063,3,-1
113175,62215,4,-1
52149,60035,3,-1
5108,170263,4,-1
66780,147405,3,-1
91716,18973,4,-1
91716,12416,4,-1
2092,87504,4,-1
66794,125150,4,-1
85073,83230,4,-1
20597,7992,4,-1
70810,202573,4,-1
101174,172913,2,-1
125146,150211,3,-1
18272,4154,4,-1
24953,65015,3,-1
97050,200311,3,-1
78785,193878,4,-1
53486,836,4,-1
76127,31819,3,-1
88106,142585,4,-1
102499,37605,3,-1
106854,84364,4,-1
65473,51993,3,-1
85060,118309,4,-1
7793,243683,5,-1
40194,100246,3,-1
106874,49585,3,-1
6464,9989,4,-1
73099,59050,3,-1
73097,13809,4,-1
126461,27973,3,-1
53492,125759,4,-1
127791,60437,3,-1
73095,249170,4,-1
24966,50641,5,-1
52164,11617,4,-1
10329,23550,3,-1
32573,40047,4,-1
6457,55584,4,-1
31248,32934,5,-1
104141,humanit%C3%A9+1999,4,-1
12031,15360,3,-1
39993,38720,3,-1
96545,13703,4,-1
95216,51364,3,-1
25347,14556,4,-1
58272,278,5,-1
118795,18735,3,-1
60598,96721,4,-1
84568,244786,4,-1
109824,6916,4,-1
17722,14499,3,-1
51649,60677,5,-1
96538,261825,4,-1
95207,15807,4,-1
71259,69544,4,-1
105482,29453,4,-1
129431,91262,3,-1
129433,2297,4,-1
63631,20065,4,-1
25356,136386,3,-1
72582,18603,4,-1
96531,white+light%2Fblack+rain%3A+the+destruction+of+hiroshima+and+nagasaki+2007,4,-1
92176,10078,3,-1
58284,43255,3,-1
64969,80435,5,-1
40976,51722,4,-1
80199,70862,4,-1
25350,14527,3,-1
117452,18628,4,-1
52982,54293,4,-1
52983,101362,3,-1
24022,16453,3,-1
39986,168742,5,-1
118780,51540,4,-1
16406,62956,4,-1
106780,38464,4,-1
5165,126104,4,-1
105453,44214,4,-1
12011,104465,3,-1
62311,45109,4,-1
134819,30123,4,-1
72592,266040,3,-1
125065,1358,3,-1
87609,der+letzte+sch%C3%B6ne+herbsttag+2010,3,-1
72590,15260,4,-1
97891,40945,4,-1
25328,104711,3,-1
117440,76825,4,-1
40959,38884,4,-1
116111,8954,5,-1
40958,14111,3,-1
22295,10045,3,-1
47595,1523,3,-1
50334,21644,3,-1
109807,250700,4,-1
12014,179066,3,-1
104132,46011,2,-1
106792,40594,4,-1
14684,30653,4,-1
95226,122928,4,-1
129414,32847,5,-1
75632,37959,4,-1
34274,174772,3,-1
126387,casanova+2005,2,-1
40950,295689,3,-1
64989,54102,4,-1
126379,26336,4,-1
105457,10896,3,-1
107211,152748,4,-1
63661,26356,4,-1
110860,11305,4,-1
74315,29972,3,-1
137027,24447,5,-1
75645,8747,4,-1
75643,41189,4,-1
71282,94069,3,-1
129480,88273,5,-1
26635,17185,4,-1
26637,43681,5,-1
121513,6972,3,-1
122843,993,5,-1
87637,130398,4,-1
101908,185008,3,-1
35596,126152,4,-1
34265,177494,4,-1
137035,26890,3,-1
38622,139998,4,-1
86302,127016,3,-1
15987,28751,2,-1
138362,30867,5,-1
47569,117913,3,-1
99601,11900,4,-1
71296,31147,4,-1
27979,43037,4,-1
40934,73250,4,-1
128141,280509,3,-1
122831,99600,4,-1
2910,37000,4,-1
22281,103332,3,-1
50363,24220,3,-1
2917,87387,3,-1
84597,328069,3,-1
137047,43138,3,-1
108549,252200,4,-1
38615,14050,5,-1
98309,5955,3,-1
46229,77403,4,-1
129463,111083,3,-1
63681,34576,4,-1
8235,47313,3,-1
130416,52188,4,-1
66712,8677,3,-1
62358,15152,3,-1
98302,75300,4,-1
66718,202475,4,-1
22257,91226,3,-1
34247,37360,4,-1
34247,27090,3,-1
34245,82622,4,-1
35575,191402,3,-1
54730,2887,3,-1
14632,52273,2,-1
47552,46326,4,-1
2927,506,4,-1
53407,15654,4,-1
9575,9993,5,-1
129452,66668,4,-1
83280,5063,4,-1
10280,68,5,-1
8248,86274,3,-1
99625,36871,4,-1
73017,38953,3,-1
62364,1591,4,-1
23595,43155,4,-1
74343,37853,4,-1
66729,175291,4,-1
96591,32929,4,-1
40906,38226,3,-1
34239,31530,4,-1
76992,11855,3,-1
76993,14357,4,-1
116145,39840,4,-1
76994,37301,4,-1
35565,46138,5,-1
88977,88478,3,-1
54747,41380,3,-1
128118,13076,3,-1
2937,28730,4,-1
138397,72479,3,-1
43180,29464,4,-1
70798,52355,3,-1
133545,44545,4,-1
94764,38256,4,-1
94769,37563,5,-1
132216,476,5,-1
132215,43852,3,-1
15143,29021,3,-1
128190,186929,4,-1
132217,157336,4,-1
85806,1088,4,-1
61846,10536,5,-1
48060,4012,4,-1
33810,27022,4,-1
122888,87078,4,-1
119249,79995,4,-1
27125,20278,3,-1
30781,24747,5,-1
39117,56969,3,-1
39118,275468,4,-1
1615,80067,3,-1
48063,13508,5,-1
8266,120129,3,-1
21831,288413,4,-1
94754,3033,5,-1
72502,141643,3,-1
108596,86889,3,-1
134883,52239,3,-1
8268,24732,3,-1
132229,62395,3,-1
90390,80210,3,-1
122880,1553,3,-1
82769,13384,5,-1
113923,30062,4,-1
55178,15272,4,-1
27130,60773,4,-1
119239,282848,4,-1
33804,92269,5,-1
94748,31304,4,-1
133561,16804,4,-1
125906,59962,4,-1
100622,36272,4,-1
73846,268238,4,-1
73845,288421,3,-1
133568,39319,4,-1
133563,87945,4,-1
92126,12698,4,-1
94788,55306,4,-1
93457,85963,4,-1
24079,47880,5,-1
21804,5769,3,-1
29767,264241,5,-1
61864,53406,4,-1
21802,13548,4,-1
27108,36709,4,-1
120201,28105,4,-1
2964,261825,5,-1
48044,46847,4,-1
116190,67463,4,-1
49375,64414,4,-1
52913,70224,3,-1
72508,1915,3,-1
68494,101449,3,-1
108577,52520,3,-1
137935,43369,4,-1
137931,46503,3,-1
49369,43899,2,-1
108571,14621,4,-1
21815,56771,3,-1
21815,16958,3,-1
41401,87098,4,-1
136607,258070,3,-1
136608,147923,3,-1
36050,10742,3,-1
101937,9260,3,-1
29775,10625,4,-1
27112,76452,4,-1
85820,32030,4,-1
52920,43314,2,-1
37370,586,4,-1
113979,20457,4,-1
73868,252457,5,-1
96507,10448,4,-1
130477,9792,3,-1
93479,8208,3,-1
29745,23239,3,-1
84518,15919,4,-1
28418,18088,5,-1
133507,12429,3,-1
25383,38307,3,-1
64907,14761,4,-1
29743,1546,4,-1
64909,21910,4,-1
59567,23951,3,-1
100650,14291,4,-1
38690,108798,4,-1
12081,58427,2,-1
134843,238302,3,-1
93466,152259,4,-1
71215,124414,4,-1
109008,10435,5,-1
67199,9441,4,-1
72547,77775,5,-1
72544,140632,3,-1
30728,215999,4,-1
94799,54568,3,-1
113960,22527,2,-1
109000,149149,5,-1
121593,24999,4,-1
36030,62394,4,-1
81489,68445,4,-1
119277,14353,3,-1
2995,15033,4,-1
81485,24167,5,-1
80158,86240,3,-1
16448,35057,4,-1
119271,67443,4,-1
49343,126238,4,-1
49343,77172,4,-1
16445,71725,2,-1
119274,43806,5,-1
48010,20324,5,-1
67195,71456,4,-1
72557,2758,2,-1
134855,11305,5,-1
71227,53417,4,-1
112622,51735,4,-1
16410,261,3,-1
37355,75311,4,-1
25369,74643,4,-1
42705,31944,4,-1
96520,130882,5,-1
73880,69069,3,-1
83209,178,4,-1
64929,13206,4,-1
58256,91470,3,-1
25364,625,5,-1
17747,hababam+s%C4%B1n%C4%B1f%C4%B1+tatilde+1977,4,-1
80185,215012,2,-1
4704,5924,4,-1
107289,827,4,-1
97846,132928,4,-1
52959,29987,4,-1
17752,10063,3,-1
73899,25364,4,-1
38673,28627,2,-1
58265,28575,3,-1
100649,13391,4,-1
24041,363,5,-1
28400,61020,3,-1
122895,85293,4,-1
120232,17658,4,-1
58269,259395,4,-1
46297,217925,4,-1
52965,1487,5,-1
17754,202241,4,-1
51635,24566,5,-1
113417,13180,4,-1
17046,51956,5,-1
90560,1930,3,-1
70953,242033,3,-1
108068,26865,4,-1
68634,12554,4,-1
122374,30713,3,-1
114744,61791,4,-1
43337,25376,5,-1
52290,34424,3,-1
30024,32684,3,-1
32687,97088,5,-1
11747,81657,4,-1
32683,101299,4,-1
121033,15659,4,-1
121036,66892,3,-1
121035,57849,4,-1
133032,265195,4,-1
35718,210621,3,-1
29020,2112,4,-1
29020,102784,4,-1
91883,47194,4,-1
108078,90560,4,-1
135698,91549,3,-1
45982,10856,4,-1
82929,199341,4,-1
122363,265832,4,-1
69979,8282,3,-1
18383,83721,4,-1
22402,21959,3,-1
76251,28943,3,-1
35701,52067,3,-1
82933,94363,4,-1
89569,43231,4,-1
88237,54271,3,-1
54008,41949,4,-1
90549,52666,4,-1
94909,27767,2,-1
70955,13372,4,-1
101437,42223,5,-1
31349,21712,5,-1
93610,228203,4,-1
69985,292547,4,-1
69985,253279,3,-1
89592,91018,4,-1
18358,258750,3,-1
19685,26306,4,-1
81626,13957,3,-1
33994,57215,3,-1
55342,206145,3,-1
123675,42225,4,-1
123676,9703,3,-1
80301,111459,3,-1
93607,209403,4,-1
137410,83660,5,-1
815,65831,3,-1
17029,9766,3,-1
11722,144326,3,-1
134382,40716,4,-1
94930,47684,4,-1
17036,44164,4,-1
39284,34282,2,-1
134388,50036,3,-1
40276,1389,5,-1
17033,109560,3,-1
23719,18491,3,-1
19695,53574,3,-1
17034,39260,5,-1
122341,125943,3,-1
18360,28280,3,-1
40279,20646,3,-1
29011,31046,5,-1
76277,1870,3,-1
56685,14551,4,-1
54029,315010,3,-1
88257,18767,3,-1
41594,4935,4,-1
94960,31289,4,-1
135642,36419,4,-1
40266,110415,3,-1
100142,15809,4,-1
131289,984,4,-1
56692,98115,4,-1
114788,52914,3,-1
125441,30977,4,-1
134318,105526,4,-1
60703,9271,4,-1
27285,13485,5,-1
78001,2895,4,-1
3438,29259,5,-1
79335,181009,4,-1
59725,4938,3,-1
33973,9549,4,-1
17014,207,4,-1
113448,3054,3,-1
21991,174348,4,-1
18343,261037,3,-1
114774,8055,4,-1
124101,37129,3,-1
76291,90272,5,-1
45944,94583,3,-1
45947,43095,3,-1
27296,42801,4,-1
125429,209355,4,-1
31302,169836,3,-1
58405,43026,3,-1
79325,43967,4,-1
114782,21033,5,-1
3444,20064,3,-1
136993,208869,4,-1
113450,74306,4,-1
88279,21296,5,-1
31304,17156,4,-1
33968,77,5,-1
67366,24274,3,-1
41572,14014,4,-1
67365,31601,4,-1
72710,10911,4,-1
7820,36791,3,-1
44606,49681,3,-1
114764,170936,4,-1
44609,210908,4,-1
81669,52726,4,-1
33952,2994,3,-1
55386,13393,4,-1
54055,25264,5,-1
32620,186929,5,-1
59744,13475,5,-1
81675,103734,3,-1
122388,76268,4,-1
54058,25527,3,-1
66032,77645,3,-1
101448,29596,4,-1
42893,822,4,-1
93643,83015,4,-1
93642,127370,3,-1
66047,44591,4,-1
19656,4808,4,-1
45920,203793,4,-1
134343,workers+leaving+the+lumi%C3%A8re+factory+1895,3,-1
134345,39495,4,-1
114752,13932,4,-1
108097,29587,4,-1
58420,15940,4,-1
2141,19403,4,-1
20644,18612,4,-1
125406,8371,2,-1
121049,16932,4,-1
78013,25914,4,-1
58425,64347,2,-1
55398,11830,4,-1
121048,33516,3,-1
78015,16095,3,-1
82999,100046,4,-1
126733,119283,4,-1
54069,747,4,-1
7822,55845,5,-1
67370,129139,2,-1
135681,123109,2,-1
869,frost%2Fnixon+2008,3,-1
67371,53367,4,-1
42086,8363,3,-1
45111,34937,4,-1
73148,14637,3,-1
117854,9430,4,-1
124156,183,4,-1
116523,25196,3,-1
124153,56475,4,-1
65527,47449,4,-1
2152,33735,3,-1
125485,14054,3,-1
85138,66660,4,-1
53543,2623,3,-1
117862,80012,4,-1
873,27644,4,-1
117861,92452,4,-1
100177,665,3,-1
86467,67062,4,-1
105864,52448,3,-1
137477,19562,3,-1
77516,544,4,-1
7834,123025,3,-1
128506,8588,5,-1
137470,22135,3,-1
7838,43434,3,-1
104538,4806,3,-1
100193,53905,3,-1
14860,69035,4,-1
7852,19316,4,-1
66869,31200,4,-1
22485,40687,5,-1
116516,84194,4,-1
99761,153641,3,-1
13539,130150,3,-1
34454,159121,3,-1
34453,43172,3,-1
108904,129,4,-1
42072,174383,4,-1
113495,2055,3,-1
129824,8293,5,-1
85125,48561,4,-1
86454,705,4,-1
13536,309242,4,-1
130851,43657,3,-1
5202,58529,4,-1
2176,9688,4,-1
23784,16007,4,-1
130853,2616,3,-1
74496,104,3,-1
38806,324011,2,-1
73160,40346,4,-1
104519,41385,4,-1
89517,27323,4,-1
89516,296104,4,-1
104511,1371,3,-1
91822,34086,3,-1
52236,10205,4,-1
112152,21189,3,-1
42063,32562,4,-1
29086,97562,4,-1
61190,155852,4,-1
66884,41616,3,-1
121096,172149,3,-1
30070,198365,3,-1
73177,5506,3,-1
22469,124524,5,-1
14847,83297,4,-1
57933,14638,3,-1
85149,32144,3,-1
33102,15419,4,-1
35763,81576,3,-1
52243,82550,3,-1
77524,les+mis%C3%A9rables+1934,3,-1
56607,13160,3,-1
29091,98548,4,-1
61197,957,4,-1
129803,1874,3,-1
10485,99600,5,-1
14846,58937,4,-1
5209,16858,4,-1
104526,121471,4,-1
136174,n%C3%B4+1998,4,-1
66893,4485,3,-1
2191,5761,4,-1
85172,1776,3,-1
21100,25583,3,-1
64237,29963,3,-1
30067,10235,3,-1
78881,297608,4,-1
53581,130747,3,-1
14818,10961,3,-1
57940,49680,4,-1
128549,16085,3,-1
6549,91745,4,-1
86491,33226,4,-1
124180,43392,3,-1
104593,13954,3,-1
42037,47508,4,-1
128540,75888,3,-1
43363,76857,4,-1
21111,48831,4,-1
103267,193661,3,-1
68601,403,3,-1
130800,117,5,-1
31382,21136,4,-1
98473,28162,4,-1
115229,25050,3,-1
115231,25950,4,-1
29076,26811,3,-1
115233,250225,3,-1
76214,adrift+2009,3,-1
89526,64586,3,-1
52266,131457,3,-1
129867,45817,4,-1
70914,85312,4,-1
10467,18437,4,-1
70930,1417,4,-1
42024,175027,4,-1
64253,26190,5,-1
69943,19119,4,-1
47717,53092,3,-1
42029,132961,4,-1
77570,92464,3,-1
68619,15037,3,-1
117880,9648,3,-1
35730,11162,4,-1
133097,10423,3,-1
5238,9740,3,-1
55306,14476,4,-1
103241,8392,5,-1
44678,1859,4,-1
22429,253312,4,-1
91864,605,4,-1
90532,130694,4,-1
6588,32395,4,-1
69953,17431,5,-1
117866,nausica%C3%A4+of+the+valley+of+the+wind+1984,4,-1
124164,105536,4,-1
78891,122884,3,-1
55310,84903,3,-1
31363,50034,3,-1
55312,9065,4,-1
117874,20128,3,-1
129844,115232,3,-1
90529,121986,3,-1
88211,11299,4,-1
112181,45094,3,-1
95339,74608,3,-1
108864,45765,3,-1
72698,213,3,-1
6596,97630,4,-1
38785,23676,4,-1
95331,165911,4,-1
26799,33974,4,-1
33096,28090,3,-1
29828,292063,3,-1
119521,98491,3,-1
116493,11659,4,-1
24133,976,5,-1
26794,60437,4,-1
50433,131861,4,-1
17846,21589,2,-1
83351,kumar%C3%A9+2012,4,-1
9614,21626,2,-1
30826,45491,3,-1
51768,77765,3,-1
108857,39023,5,-1
120504,5925,5,-1
9618,59017,3,-1
13492,37925,4,-1
5275,40833,3,-1
49425,11752,3,-1
97988,3396,3,-1
9633,10617,4,-1
103189,23512,5,-1
62421,46991,5,-1
100908,15216,4,-1
29835,181876,4,-1
29835,10199,3,-1
92291,18128,4,-1
33082,12235,2,-1
127131,30204,2,-1
116483,245700,4,-1
51772,39893,4,-1
46396,111481,3,-1
83340,98,4,-1
84674,37291,3,-1
30815,14070,4,-1
45065,885,4,-1
46395,8054,4,-1
69055,17704,4,-1
46390,10779,2,-1
54803,54575,4,-1
5285,78,4,-1
129783,58669,3,-1
108844,37060,4,-1
69069,19575,4,-1
99718,51402,3,-1
49415,55650,3,-1
63760,14306,4,-1
46389,45225,2,-1
74411,42062,3,-1
71385,94794,4,-1
99710,157351,4,-1
94023,263532,4,-1
29803,152532,3,-1
25449,24684,4,-1
86405,17814,4,-1
33077,67556,4,-1
128447,27972,3,-1
103164,54064,4,-1
54819,59419,3,-1
13474,46105,5,-1
74425,11617,3,-1
25455,124619,4,-1
33065,47435,4,-1
71394,27658,4,-1
62448,143534,3,-1
70060,n%C3%B6madak+tx+2006,5,-1
66806,74581,3,-1
124083,4946,4,-1
16509,6312,4,-1
69071,13614,2,-1
25450,52048,3,-1
115136,50247,4,-1
51797,4326,3,-1
17836,11707,4,-1
61111,46827,3,-1
128437,45827,3,-1
13475,36586,4,-1
108847,112287,4,-1
127184,13300,2,-1
99738,30142,4,-1
21068,60420,4,-1
47698,80382,3,-1
46368,367647,4,-1
21066,44721,3,-1
99737,19688,5,-1
98402,30238,4,-1
25424,84237,5,-1
63789,26319,4,-1
66817,21334,5,-1
25427,85494,3,-1
83399,20527,3,-1
82069,15097,4,-1
45031,11986,4,-1
38748,1523,2,-1
7013,329,3,-1
107583,179799,4,-1
73119,43943,3,-1
75779,259956,3,-1
74446,37661,4,-1
25435,65611,4,-1
130766,25943,2,-1
107582,15993,5,-1
38739,9543,5,-1
136071,39693,3,-1
115199,5482,5,-1
120530,36210,4,-1
119556,59950,4,-1
25430,7249,2,-1
13455,52857,3,-1
47683,303296,3,-1
7007,79161,4,-1
1706,63215,3,-1
37404,16439,4,-1
38737,16220,4,-1
17811,13161,2,-1
1702,20645,3,-1
46349,117212,4,-1
103194,4983,4,-1
47679,84119,4,-1
8358,31863,4,-1
130772,16346,5,-1
106223,19594,4,-1
130778,143092,3,-1
22375,8414,4,-1
34361,11371,4,-1
9680,159032,3,-1
78822,159153,2,-1
10398,91690,4,-1
14752,18151,4,-1
121856,12588,4,-1
115182,8063,4,-1
46338,27374,4,-1
127150,30647,3,-1
98418,8780,3,-1
9695,125742,4,-1
107568,921,3,-1
7036,45212,4,-1
99742,2186,2,-1
73133,2892,4,-1
66849,51608,4,-1
65519,2289,3,-1
86435,252102,3,-1
53530,young+%40+heart+2008,4,-1
34353,13258,4,-1
121849,17589,4,-1
94886,128442,5,-1
19620,15033,3,-1
93559,48831,5,-1
41554,81600,4,-1
15265,77022,4,-1
93551,51608,4,-1
92220,26805,4,-1
79254,3059,3,-1
48181,41050,4,-1
58315,25598,4,-1
85934,29577,4,-1
80249,16608,4,-1
32607,40149,5,-1
93549,61783,3,-1
19625,37247,4,-1
118273,180162,2,-1
48185,78657,3,-1
123618,61645,3,-1
124946,69426,4,-1
19626,52337,3,-1
136943,4269,4,-1
73954,84857,5,-1
41540,9044,4,-1
20622,146341,2,-1
80233,95243,3,-1
85922,hababam+s%C4%B1n%C4%B1f%C4%B1+tatilde+1977,3,-1
100981,31465,3,-1
81561,the+castle+1997,3,-1
73949,25676,3,-1
131260,72375,3,-1
118260,344,4,-1
118261,9812,3,-1
135626,%C3%BCvegtigris+2001,3,-1
96606,15247,4,-1
41535,51791,4,-1
42869,157117,4,-1
84618,66125,4,-1
93571,35185,3,-1
92240,132363,4,-1
48160,38023,4,-1
84624,178675,3,-1
1755,110903,4,-1
1754,81244,4,-1
84627,14076,4,-1
57004,43155,5,-1
28552,30363,4,-1
30889,10315,5,-1
16577,32194,3,-1
100950,26600,3,-1
71316,9354,3,-1
51707,60035,5,-1
72643,176297,3,-1
92239,157903,3,-1
94899,51851,2,-1
42859,80596,3,-1
41523,13990,4,-1
20605,59584,4,-1
57012,62327,4,-1
21933,51360,4,-1
60664,11129,4,-1
29894,212836,4,-1
124919,113520,4,-1
19617,14174,4,-1
92229,42341,5,-1
136971,158231,4,-1
19619,31658,3,-1
92267,152584,5,-1
93598,11643,4,-1
93591,110643,3,-1
108021,62106,3,-1
41518,38030,3,-1
41517,612,4,-1
12190,1968,2,-1
24174,45793,4,-1
27202,84190,3,-1
24176,197723,3,-1
85974,92432,3,-1
48142,180383,4,-1
16560,57120,5,-1
37484,52150,2,-1
109365,33630,3,-1
133871,26755,3,-1
111662,22515,4,-1
97944,18047,3,-1
69019,834,3,-1
15232,4781,4,-1
36155,24634,4,-1
109362,291,4,-1
1790,48443,4,-1
27214,43157,4,-1
63713,241287,2,-1
93584,222772,4,-1
93581,98369,4,-1
80278,221667,3,-1
79289,44896,3,-1
83306,24105,4,-1
21908,29406,3,-1
85960,10521,3,-1
60680,44999,3,-1
131221,111969,4,-1
70018,74534,3,-1
133888,53860,5,-1
17863,87017,3,-1
37474,29572,3,-1
63727,77949,3,-1
123635,28120,3,-1
122302,49689,3,-1
1797,199715,4,-1
51740,25597,4,-1
122301,43778,4,-1
4820,23567,4,-1
69024,168607,4,-1
50415,87489,3,-1
85990,4584,4,-1
51748,13438,4,-1
16538,261508,5,-1
118293,86,3,-1
108016,70342,3,-1
112975,20123,4,-1
110312,159032,4,-1
71359,16640,3,-1
95301,1280,3,-1
48116,10775,5,-1
38796,39008,5,-1
63731,100402,5,-1
25491,157336,3,-1
25492,14836,3,-1
120594,42420,3,-1
37466,10316,3,-1
112980,21039,3,-1
48111,101,4,-1
90687,82327,3,-1
122253,31688,4,-1
51081,44264,4,-1
115956,9056,4,-1
81726,87881,3,-1
127937,62211,5,-1
122247,242512,1,-1
30144,61880,2,-1
135571,64690,3,-1
10530,984,4,-1
34507,103717,4,-1
64391,116844,3,-1
35838,180252,4,-1
3519,18491,5,-1
35835,14223,3,-1
134248,31589,5,-1
63074,180954,2,-1
115948,137698,4,-1
42113,103734,4,-1
17174,6435,2,-1
93701,56761,3,-1
75059,18925,4,-1
23850,1677,4,-1
51090,40641,4,-1
123571,51166,4,-1
23851,2143,4,-1
55450,20675,3,-1
44778,38065,4,-1
22523,185197,4,-1
42118,291869,4,-1
22524,59517,3,-1
47804,23522,4,-1
81720,47648,4,-1
101318,13457,4,-1
76373,108224,4,-1
127926,44555,2,-1
11879,1407,3,-1
124897,49096,4,-1
79402,38291,3,-1
30132,4952,3,-1
135584,32649,5,-1
30137,34784,3,-1
101317,14455,3,-1
42101,46725,5,-1
44763,103648,4,-1
38089,18148,5,-1
111575,25121,3,-1
134256,1075,4,-1
135588,245,4,-1
42107,19274,4,-1
123559,265195,3,-1
3537,85743,4,-1
60810,250114,3,-1
31452,10064,3,-1
81752,5204,4,-1
3531,12496,4,-1
93728,99657,5,-1
30129,156965,3,-1
2208,53701,3,-1
68784,4889,3,-1
115929,98914,4,-1
93724,18871,3,-1
134266,15044,4,-1
80407,48414,4,-1
79422,21055,4,-1
30113,91262,3,-1
3542,48496,4,-1
137300,30979,3,-1
35806,53879,4,-1
31447,76825,4,-1
4878,28966,4,-1
35804,128831,3,-1
31449,76076,3,-1
63094,273160,4,-1
88375,201676,3,-1
67466,36877,3,-1
92425,17077,4,-1
136851,252721,5,-1
38068,43863,3,-1
23807,53776,4,-1
17122,1480,4,-1
44746,221437,4,-1
122292,127373,3,-1
79451,19618,4,-1
80443,8988,3,-1
26073,5894,4,-1
81777,118309,5,-1
2227,166901,3,-1
125314,89481,5,-1
950,129734,3,-1
114672,10971,4,-1
99050,43378,4,-1
55489,27146,2,-1
4889,16993,4,-1
135535,28424,3,-1
20782,16194,4,-1
92412,539,4,-1
40375,12652,3,-1
2240,227700,5,-1
115987,54598,3,-1
55494,3520,4,-1
44734,45523,5,-1
135539,la+boh%C3%A8me+1926,3,-1
114659,7979,3,-1
29112,274127,4,-1
60845,9325,3,-1
127967,122,4,-1
59852,116,4,-1
962,5879,3,-1
29115,195516,3,-1
58520,10202,4,-1
60840,20375,4,-1
105712,26280,4,-1
93738,289,4,-1
59859,78526,3,-1
105714,40685,3,-1
32755,38580,5,-1
26082,4985,3,-1
18432,11878,4,-1
40362,241620,4,-1
87097,32326,5,-1
18433,30055,3,-1
72835,113,4,-1
20751,18665,4,-1
91111,117691,5,-1
6610,14574,5,-1
113311,19128,4,-1
41699,9393,5,-1
40368,53650,4,-1
114646,120509,2,-1
31410,42332,3,-1
78148,90511,4,-1
974,45793,2,-1
127953,25376,4,-1
58533,34595,3,-1
102653,11659,4,-1
38049,35381,3,-1
102652,20629,4,-1
978,32008,3,-1
131190,21634,4,-1
101325,3078,5,-1
66151,83360,4,-1
67482,221791,4,-1
44710,105526,3,-1
40354,58414,5,-1
18441,172890,3,-1
3596,27212,2,-1
122262,1964,4,-1
54185,44018,3,-1
54183,14791,5,-1
54182,44990,3,-1
126615,104396,4,-1
127941,28162,4,-1
92429,26851,4,-1
67490,romeo+%2B+juliet+1996,3,-1
103994,36955,3,-1
6617,caf%C3%A9+lumi%C3%A8re+2004,5,-1
102669,284293,3,-1
72837,78604,3,-1
99899,18886,3,-1
126697,11047,3,-1
22595,125509,4,-1
126696,27745,4,-1
98564,16873,4,-1
33252,13192,3,-1
97234,22140,3,-1
65647,42731,4,-1
2272,111310,3,-1
73262,171337,3,-1
124031,11196,3,-1
116409,259389,3,-1
26956,2033,2,-1
38948,16437,3,-1
52330,84192,4,-1
38949,17809,4,-1
37618,101299,4,-1
116410,8009,3,-1
34586,17906,4,-1
13642,31509,5,-1
47893,184846,4,-1
129715,62437,4,-1
77638,16124,3,-1
51008,1621,5,-1
100075,187028,3,-1
112036,33494,4,-1
130725,17156,4,-1
97221,44297,5,-1
37606,65572,3,-1
130729,267333,3,-1
56701,43984,4,-1
124016,89785,4,-1
12321,24696,3,-1
112045,10747,4,-1
77624,11906,5,-1
100067,4975,5,-1
14985,42040,2,-1
112043,55836,3,-1
53677,23724,3,-1
6637,43738,4,-1
7980,152603,4,-1
101372,51284,3,-1
90620,43847,3,-1
104400,205596,4,-1
6654,94857,4,-1
126673,11406,3,-1
98589,33076,2,-1
114689,38962,4,-1
22576,64115,5,-1
97252,58218,4,-1
22579,19354,4,-1
21249,44756,5,-1
35899,44535,3,-1
125338,989,4,-1
126669,128437,5,-1
117721,159138,4,-1
117720,27618,2,-1
125335,388,4,-1
52354,909,3,-1
76325,52853,5,-1
42181,94831,3,-1
91945,308,3,-1
88304,56133,4,-1
5315,162987,4,-1
100036,22824,3,-1
89630,9063,2,-1
14953,15421,5,-1
26948,80310,3,-1
45204,77223,5,-1
47865,278978,4,-1
45205,67367,4,-1
64343,288295,4,-1
4001,211179,4,-1
97245,25460,5,-1
68704,20521,4,-1
45208,211954,3,-1
34557,181330,3,-1
78971,14073,3,-1
127989,4307,4,-1
7987,15689,3,-1
104404,105,3,-1
13636,85836,4,-1
5340,24248,5,-1
21223,133441,4,-1
63022,44662,4,-1
105794,598,4,-1
64356,32307,3,-1
64359,11382,4,-1
23881,25028,3,-1
22551,148357,3,-1
51041,1901,4,-1
34546,3396,3,-1
14939,28484,4,-1
89658,54229,4,-1
137312,50600,4,-1
108818,42046,4,-1
5339,5168,5,-1
89651,18218,4,-1
85280,80184,4,-1
65694,100814,4,-1
64365,8094,4,-1
22565,27317,3,-1
21238,84087,3,-1
77660,131503,4,-1
108827,52270,5,-1
88314,150897,3,-1
91954,50536,1,-1
9708,10264,4,-1
85283,171427,3,-1
89640,85350,5,-1
91992,42812,4,-1
64372,44756,4,-1
47830,600,3,-1
104444,18468,3,-1
67401,20626,3,-1
112068,286554,3,-1
68738,188102,4,-1
52391,115553,3,-1
77691,32119,3,-1
47837,67381,4,-1
125382,49397,3,-1
29165,52311,3,-1
117760,89888,5,-1
31493,56122,4,-1
10551,56320,4,-1
88345,257561,3,-1
9714,20321,2,-1
87010,3782,3,-1
128409,53412,3,-1
68741,578,5,-1
44799,122924,3,-1
4043,273,3,-1
68746,118340,4,-1
100096,27625,5,-1
91986,7294,5,-1
75037,33680,4,-1
17194,98193,4,-1
97281,49685,4,-1
130707,27651,4,-1
97282,5503,4,-1
29176,71809,4,-1
55430,10158,5,-1
105,38583,5,-1
108805,28533,5,-1
88332,36323,2,-1
64381,65233,5,-1
9741,14963,3,-1
103054,246218,4,-1
99818,4192,3,-1
71488,11614,4,-1
29943,24220,4,-1
71483,157851,3,-1
29942,238203,3,-1
119403,49863,3,-1
83477,191489,4,-1
116,204113,2,-1
36246,10311,3,-1
99809,16198,4,-1
99808,29941,3,-1
15305,4972,3,-1
17971,24732,4,-1
49548,922,5,-1
16642,245,4,-1
63870,57000,3,-1
107422,24220,3,-1
70168,156284,3,-1
71498,17990,4,-1
127014,66488,4,-1
75850,61054,3,-1
130688,105045,3,-1
91081,53457,4,-1
91087,201124,4,-1
42909,88176,3,-1
61217,1883,5,-1
116364,249072,4,-1
61216,23378,3,-1
115033,88435,4,-1
84794,36251,4,-1
17975,31621,4,-1
108747,480,4,-1
121701,2253,3,-1
48209,2587,3,-1
63881,26940,4,-1
45179,16410,4,-1
98504,159095,4,-1
29921,miss+m%C3%A9t%C3%A9o+2005,4,-1
99831,320316,4,-1
62557,214948,3,-1
116350,12502,5,-1
115022,31821,3,-1
86525,hababam+s%C4%B1n%C4%B1f%C4%B1+tatilde+1977,4,-1
54930,49110,4,-1
69180,115810,4,-1
36224,48347,4,-1
139,1843,4,-1
49532,256108,3,-1
54934,46838,3,-1
82163,67794,4,-1
8427,8899,4,-1
37558,122906,4,-1
30921,72744,4,-1
103041,35203,4,-1
74548,45347,4,-1
38870,125945,3,-1
99825,54663,3,-1
75873,55086,3,-1
28601,250761,4,-1
133735,21589,5,-1
116340,32601,4,-1
86519,28577,4,-1
86510,112885,5,-1
54945,120212,3,-1
37545,527,5,-1
13597,49131,4,-1
104369,38621,4,-1
16628,77381,4,-1
46490,18701,4,-1
62571,10846,4,-1
8455,3082,4,-1
98527,3082,5,-1
25543,7461,3,-1
75885,7510,4,-1
98522,74549,4,-1
66938,213,4,-1
65606,cl%C3%A9o+from+5+to+7+1962,3,-1
103091,10537,3,-1
94165,13023,3,-1
103093,47931,3,-1
120422,53196,4,-1
1810,2990,4,-1
137271,workers+leaving+the+lumi%C3%A8re+factory+1895,3,-1
17927,1269,3,-1
33179,65513,5,-1
36202,159151,5,-1
26871,45522,2,-1
78922,121147,4,-1
21182,46967,4,-1
37536,10803,4,-1
137273,109809,3,-1
13567,15809,4,-1
8465,16873,3,-1
99844,22490,4,-1
21197,11931,5,-1
37520,9318,4,-1
73236,214418,3,-1
25554,42605,4,-1
65613,27771,3,-1
95486,31345,4,-1
29910,106591,3,-1
65614,89708,4,-1
75891,26320,3,-1
29915,3981,4,-1
130649,40427,4,-1
49508,41994,5,-1
137280,107250,3,-1
120411,28466,3,-1
118100,26766,3,-1
26881,50467,3,-1
119437,81310,4,-1
118103,29854,3,-1
85205,8963,4,-1
37522,43923,4,-1
61254,56804,3,-1
17935,15691,5,-1
85202,1421,4,-1
45142,45987,3,-1
120416,4148,4,-1
38858,29722,3,-1
82173,7549,4,-1
128375,43029,3,-1
66952,238628,2,-1
103077,1654,3,-1
98549,17234,4,-1
127048,32047,4,-1
131986,1918,4,-1
116396,218931,1,-1
121739,14791,4,-1
38842,87673,3,-1
61264,10693,4,-1
13542,37853,4,-1
38845,70706,4,-1
115060,9452,4,-1
87891,9602,3,-1
97209,59138,4,-1
103089,2118,3,-1
97204,43832,3,-1
103088,13187,4,-1
99868,11402,4,-1
100809,pekka+ja+p%C3%A4tk%C3%A4+salapoliiseina+1957,4,-1
64306,13613,3,-1
8483,79771,3,-1
8480,19105,5,-1
94176,29107,4,-1
115053,16453,3,-1
116383,29047,4,-1
54983,97088,5,-1
127028,29835,3,-1
12222,104193,3,-1
52327,54720,4,-1
12223,195589,4,-1
52329,142051,4,-1
136812,52841,4,-1
67389,59940,4,-1
107496,77,5,-1
66055,16725,3,-1
14056,262,5,-1
41674,7093,3,-1
38025,4043,3,-1
92346,49026,4,-1
131124,269650,4,-1
57100,157375,4,-1
54075,31147,5,-1
1853,109711,3,-1
67380,133704,3,-1
119480,73335,3,-1
81692,quai+des+orf%C3%A8vres+1947,4,-1
118150,123778,4,-1
19752,27031,3,-1
94993,2760,3,-1
109207,73686,4,-1
67398,47156,3,-1
109200,102851,4,-1
40333,110420,4,-1
127092,27918,2,-1
133795,60437,3,-1
91005,44132,3,-1
131135,43268,4,-1
94990,7445,3,-1
78032,36447,4,-1
79363,60828,3,-1
1865,207731,4,-1
57119,18783,4,-1
32717,123074,4,-1
66061,92119,4,-1
38019,15697,4,-1
124819,27191,3,-1
69104,15957,4,-1
42983,15414,4,-1
131143,84351,4,-1
41653,4180,4,-1
15364,9440,3,-1
78060,40709,4,-1
28677,55398,4,-1
41655,312497,4,-1
118129,49956,3,-1
59783,85505,4,-1
20713,77650,4,-1
80388,266031,3,-1
1876,10132,3,-1
118138,110148,4,-1
27344,38336,3,-1
119468,24458,2,-1
60771,26114,4,-1
48288,47870,4,-1
51821,36143,3,-1
19726,25935,4,-1
70106,10590,4,-1
91026,113290,4,-1
131158,12484,4,-1
96711,55146,3,-1
36298,42044,4,-1
112817,182972,4,-1
93683,32574,3,-1
42976,3089,5,-1
118123,42767,3,-1
79387,9035,3,-1
80378,17734,5,-1
19735,19893,3,-1
96707,8016,5,-1
80371,10436,4,-1
18406,107445,5,-1
51838,45000,4,-1
95416,91878,5,-1
50506,42659,4,-1
42961,42790,3,-1
95418,159137,4,-1
16674,16406,5,-1
39313,42213,3,-1
96745,32317,3,-1
109231,15012,4,-1
91051,91930,4,-1
124867,47848,3,-1
122203,35619,4,-1
118198,43342,3,-1
122200,26326,3,-1
24295,80806,4,-1
103929,135225,3,-1
27320,2502,4,-1
14017,12636,3,-1
50511,17131,3,-1
51844,130445,4,-1
48261,31804,3,-1
50517,30545,4,-1
14024,256750,4,-1
16684,29264,2,-1
109246,39927,2,-1
133751,14922,5,-1
26005,34614,4,-1
28669,122479,3,-1
20705,209276,3,-1
91042,311301,3,-1
63834,38007,5,-1
26009,12545,4,-1
57150,18218,3,-1
63837,284793,3,-1
92372,39806,3,-1
123526,25741,4,-1
57156,9581,3,-1
84752,159011,3,-1
120496,91150,4,-1
36278,28313,3,-1
3609,252607,4,-1
102601,10491,5,-1
70119,38846,5,-1
70138,11229,3,-1
111536,25636,5,-1
17982,27324,3,-1
110202,525,5,-1
91078,55368,3,-1
70136,158413,4,-1
91074,27102,1,-1
123515,16148,4,-1
24272,64836,3,-1
41607,119283,2,-1
120483,158994,4,-1
120484,16969,4,-1
29962,1879,4,-1
4941,343435,5,-1
51866,102534,4,-1
118173,21394,3,-1
132447,62215,3,-1
131115,293271,4,-1
41602,277547,4,-1
78092,102862,3,-1
63857,10363,3,-1
29970,16520,5,-1
82112,94480,3,-1
14004,105210,4,-1
124838,42138,3,-1
